path,tag
./dataset_FULL_h180_next30_DOM_1_7_14_21_28/sample_2005-07-01.npz,2005-07-01
./dataset_FULL_h180_next30_DOM_1_7_14_21_28/sample_2005-07-07.npz,2005-07-07
./dataset_FULL_h180_next30_DOM_1_7_14_21_28/sample_2005-07-14.npz,2005-07-14
./dataset_FULL_h180_next30_DOM_1_7_14_21_28/sample_2005-07-21.npz,2005-07-21
./dataset_FULL_h180_next30_DOM_1_7_14_21_28/sample_2005-07-28.npz,2005-07-28
./dataset_FULL_h180_next30_DOM_1_7_14_21_28/sample_2005-08-01.npz,2005-08-01
./dataset_FULL_h180_next30_DOM_1_7_14_21_28/sample_2005-08-07.npz,2005-08-07
./dataset_FULL_h180_next30_DOM_1_7_14_21_28/sample_2005-08-14.npz,2005-08-14
./dataset_FULL_h180_next30_DOM_1_7_14_21_28/sample_2005-08-21.npz,2005-08-21
./dataset_FULL_h180_next30_DOM_1_7_14_21_28/sample_2005-08-28.npz,2005-08-28
./dataset_FULL_h180_next30_DOM_1_7_14_21_28/sample_2005-09-01.npz,2005-09-01
./dataset_FULL_h180_next30_DOM_1_7_14_21_28/sample_2005-09-07.npz,2005-09-07
./dataset_FULL_h180_next30_DOM_1_7_14_21_28/sample_2005-09-14.npz,2005-09-14
./dataset_FULL_h180_next30_DOM_1_7_14_21_28/sample_2005-09-21.npz,2005-09-21
./dataset_FULL_h180_next30_DOM_1_7_14_21_28/sample_2005-09-28.npz,2005-09-28
./dataset_FULL_h180_next30_DOM_1_7_14_21_28/sample_2005-10-01.npz,2005-10-01
./dataset_FULL_h180_next30_DOM_1_7_14_21_28/sample_2005-10-07.npz,2005-10-07
./dataset_FULL_h180_next30_DOM_1_7_14_21_28/sample_2005-10-14.npz,2005-10-14
./dataset_FULL_h180_next30_DOM_1_7_14_21_28/sample_2005-10-21.npz,2005-10-21
./dataset_FULL_h180_next30_DOM_1_7_14_21_28/sample_2005-10-28.npz,2005-10-28
./dataset_FULL_h180_next30_DOM_1_7_14_21_28/sample_2005-11-01.npz,2005-11-01
./dataset_FULL_h180_next30_DOM_1_7_14_21_28/sample_2005-11-07.npz,2005-11-07
./dataset_FULL_h180_next30_DOM_1_7_14_21_28/sample_2005-11-14.npz,2005-11-14
./dataset_FULL_h180_next30_DOM_1_7_14_21_28/sample_2005-11-21.npz,2005-11-21
./dataset_FULL_h180_next30_DOM_1_7_14_21_28/sample_2005-11-28.npz,2005-11-28
./dataset_FULL_h180_next30_DOM_1_7_14_21_28/sample_2005-12-01.npz,2005-12-01
./dataset_FULL_h180_next30_DOM_1_7_14_21_28/sample_2005-12-07.npz,2005-12-07
./dataset_FULL_h180_next30_DOM_1_7_14_21_28/sample_2005-12-14.npz,2005-12-14
./dataset_FULL_h180_next30_DOM_1_7_14_21_28/sample_2005-12-21.npz,2005-12-21
./dataset_FULL_h180_next30_DOM_1_7_14_21_28/sample_2005-12-28.npz,2005-12-28
./dataset_FULL_h180_next30_DOM_1_7_14_21_28/sample_2006-01-01.npz,2006-01-01
./dataset_FULL_h180_next30_DOM_1_7_14_21_28/sample_2006-01-07.npz,2006-01-07
./dataset_FULL_h180_next30_DOM_1_7_14_21_28/sample_2006-01-14.npz,2006-01-14
./dataset_FULL_h180_next30_DOM_1_7_14_21_28/sample_2006-01-21.npz,2006-01-21
./dataset_FULL_h180_next30_DOM_1_7_14_21_28/sample_2006-01-28.npz,2006-01-28
./dataset_FULL_h180_next30_DOM_1_7_14_21_28/sample_2006-02-01.npz,2006-02-01
./dataset_FULL_h180_next30_DOM_1_7_14_21_28/sample_2006-02-07.npz,2006-02-07
./dataset_FULL_h180_next30_DOM_1_7_14_21_28/sample_2006-02-14.npz,2006-02-14
./dataset_FULL_h180_next30_DOM_1_7_14_21_28/sample_2006-02-21.npz,2006-02-21
./dataset_FULL_h180_next30_DOM_1_7_14_21_28/sample_2006-02-28.npz,2006-02-28
./dataset_FULL_h180_next30_DOM_1_7_14_21_28/sample_2006-03-01.npz,2006-03-01
./dataset_FULL_h180_next30_DOM_1_7_14_21_28/sample_2006-03-07.npz,2006-03-07
./dataset_FULL_h180_next30_DOM_1_7_14_21_28/sample_2006-03-14.npz,2006-03-14
./dataset_FULL_h180_next30_DOM_1_7_14_21_28/sample_2006-03-21.npz,2006-03-21
./dataset_FULL_h180_next30_DOM_1_7_14_21_28/sample_2006-03-28.npz,2006-03-28
./dataset_FULL_h180_next30_DOM_1_7_14_21_28/sample_2006-04-01.npz,2006-04-01
./dataset_FULL_h180_next30_DOM_1_7_14_21_28/sample_2006-04-07.npz,2006-04-07
./dataset_FULL_h180_next30_DOM_1_7_14_21_28/sample_2006-04-14.npz,2006-04-14
./dataset_FULL_h180_next30_DOM_1_7_14_21_28/sample_2006-04-21.npz,2006-04-21
./dataset_FULL_h180_next30_DOM_1_7_14_21_28/sample_2006-04-28.npz,2006-04-28
./dataset_FULL_h180_next30_DOM_1_7_14_21_28/sample_2006-05-01.npz,2006-05-01
./dataset_FULL_h180_next30_DOM_1_7_14_21_28/sample_2006-05-07.npz,2006-05-07
./dataset_FULL_h180_next30_DOM_1_7_14_21_28/sample_2006-05-14.npz,2006-05-14
./dataset_FULL_h180_next30_DOM_1_7_14_21_28/sample_2006-05-21.npz,2006-05-21
./dataset_FULL_h180_next30_DOM_1_7_14_21_28/sample_2006-05-28.npz,2006-05-28
./dataset_FULL_h180_next30_DOM_1_7_14_21_28/sample_2006-06-01.npz,2006-06-01
./dataset_FULL_h180_next30_DOM_1_7_14_21_28/sample_2006-06-07.npz,2006-06-07
./dataset_FULL_h180_next30_DOM_1_7_14_21_28/sample_2006-06-14.npz,2006-06-14
./dataset_FULL_h180_next30_DOM_1_7_14_21_28/sample_2006-06-21.npz,2006-06-21
./dataset_FULL_h180_next30_DOM_1_7_14_21_28/sample_2006-06-28.npz,2006-06-28
./dataset_FULL_h180_next30_DOM_1_7_14_21_28/sample_2006-07-01.npz,2006-07-01
./dataset_FULL_h180_next30_DOM_1_7_14_21_28/sample_2006-07-07.npz,2006-07-07
./dataset_FULL_h180_next30_DOM_1_7_14_21_28/sample_2006-07-14.npz,2006-07-14
./dataset_FULL_h180_next30_DOM_1_7_14_21_28/sample_2006-07-21.npz,2006-07-21
./dataset_FULL_h180_next30_DOM_1_7_14_21_28/sample_2006-07-28.npz,2006-07-28
./dataset_FULL_h180_next30_DOM_1_7_14_21_28/sample_2006-08-01.npz,2006-08-01
./dataset_FULL_h180_next30_DOM_1_7_14_21_28/sample_2006-08-07.npz,2006-08-07
./dataset_FULL_h180_next30_DOM_1_7_14_21_28/sample_2006-08-14.npz,2006-08-14
./dataset_FULL_h180_next30_DOM_1_7_14_21_28/sample_2006-08-21.npz,2006-08-21
./dataset_FULL_h180_next30_DOM_1_7_14_21_28/sample_2006-08-28.npz,2006-08-28
./dataset_FULL_h180_next30_DOM_1_7_14_21_28/sample_2006-09-01.npz,2006-09-01
./dataset_FULL_h180_next30_DOM_1_7_14_21_28/sample_2006-09-07.npz,2006-09-07
./dataset_FULL_h180_next30_DOM_1_7_14_21_28/sample_2006-09-14.npz,2006-09-14
./dataset_FULL_h180_next30_DOM_1_7_14_21_28/sample_2006-09-21.npz,2006-09-21
./dataset_FULL_h180_next30_DOM_1_7_14_21_28/sample_2006-09-28.npz,2006-09-28
./dataset_FULL_h180_next30_DOM_1_7_14_21_28/sample_2006-10-01.npz,2006-10-01
./dataset_FULL_h180_next30_DOM_1_7_14_21_28/sample_2006-10-07.npz,2006-10-07
./dataset_FULL_h180_next30_DOM_1_7_14_21_28/sample_2006-10-14.npz,2006-10-14
./dataset_FULL_h180_next30_DOM_1_7_14_21_28/sample_2006-10-21.npz,2006-10-21
./dataset_FULL_h180_next30_DOM_1_7_14_21_28/sample_2006-10-28.npz,2006-10-28
./dataset_FULL_h180_next30_DOM_1_7_14_21_28/sample_2006-11-01.npz,2006-11-01
./dataset_FULL_h180_next30_DOM_1_7_14_21_28/sample_2006-11-07.npz,2006-11-07
./dataset_FULL_h180_next30_DOM_1_7_14_21_28/sample_2006-11-14.npz,2006-11-14
./dataset_FULL_h180_next30_DOM_1_7_14_21_28/sample_2006-11-21.npz,2006-11-21
./dataset_FULL_h180_next30_DOM_1_7_14_21_28/sample_2006-11-28.npz,2006-11-28
./dataset_FULL_h180_next30_DOM_1_7_14_21_28/sample_2006-12-01.npz,2006-12-01
./dataset_FULL_h180_next30_DOM_1_7_14_21_28/sample_2006-12-07.npz,2006-12-07
./dataset_FULL_h180_next30_DOM_1_7_14_21_28/sample_2006-12-14.npz,2006-12-14
./dataset_FULL_h180_next30_DOM_1_7_14_21_28/sample_2006-12-21.npz,2006-12-21
./dataset_FULL_h180_next30_DOM_1_7_14_21_28/sample_2006-12-28.npz,2006-12-28
./dataset_FULL_h180_next30_DOM_1_7_14_21_28/sample_2007-01-01.npz,2007-01-01
./dataset_FULL_h180_next30_DOM_1_7_14_21_28/sample_2007-01-07.npz,2007-01-07
./dataset_FULL_h180_next30_DOM_1_7_14_21_28/sample_2007-01-14.npz,2007-01-14
./dataset_FULL_h180_next30_DOM_1_7_14_21_28/sample_2007-01-21.npz,2007-01-21
./dataset_FULL_h180_next30_DOM_1_7_14_21_28/sample_2007-01-28.npz,2007-01-28
./dataset_FULL_h180_next30_DOM_1_7_14_21_28/sample_2007-02-01.npz,2007-02-01
./dataset_FULL_h180_next30_DOM_1_7_14_21_28/sample_2007-02-07.npz,2007-02-07
./dataset_FULL_h180_next30_DOM_1_7_14_21_28/sample_2007-02-14.npz,2007-02-14
./dataset_FULL_h180_next30_DOM_1_7_14_21_28/sample_2007-02-21.npz,2007-02-21
./dataset_FULL_h180_next30_DOM_1_7_14_21_28/sample_2007-02-28.npz,2007-02-28
./dataset_FULL_h180_next30_DOM_1_7_14_21_28/sample_2007-03-01.npz,2007-03-01
./dataset_FULL_h180_next30_DOM_1_7_14_21_28/sample_2007-03-07.npz,2007-03-07
./dataset_FULL_h180_next30_DOM_1_7_14_21_28/sample_2007-03-14.npz,2007-03-14
./dataset_FULL_h180_next30_DOM_1_7_14_21_28/sample_2007-03-21.npz,2007-03-21
./dataset_FULL_h180_next30_DOM_1_7_14_21_28/sample_2007-03-28.npz,2007-03-28
./dataset_FULL_h180_next30_DOM_1_7_14_21_28/sample_2007-04-01.npz,2007-04-01
./dataset_FULL_h180_next30_DOM_1_7_14_21_28/sample_2007-04-07.npz,2007-04-07
./dataset_FULL_h180_next30_DOM_1_7_14_21_28/sample_2007-04-14.npz,2007-04-14
./dataset_FULL_h180_next30_DOM_1_7_14_21_28/sample_2007-04-21.npz,2007-04-21
./dataset_FULL_h180_next30_DOM_1_7_14_21_28/sample_2007-04-28.npz,2007-04-28
./dataset_FULL_h180_next30_DOM_1_7_14_21_28/sample_2007-05-01.npz,2007-05-01
./dataset_FULL_h180_next30_DOM_1_7_14_21_28/sample_2007-05-07.npz,2007-05-07
./dataset_FULL_h180_next30_DOM_1_7_14_21_28/sample_2007-05-14.npz,2007-05-14
./dataset_FULL_h180_next30_DOM_1_7_14_21_28/sample_2007-05-21.npz,2007-05-21
./dataset_FULL_h180_next30_DOM_1_7_14_21_28/sample_2007-05-28.npz,2007-05-28
./dataset_FULL_h180_next30_DOM_1_7_14_21_28/sample_2007-06-01.npz,2007-06-01
./dataset_FULL_h180_next30_DOM_1_7_14_21_28/sample_2007-06-07.npz,2007-06-07
./dataset_FULL_h180_next30_DOM_1_7_14_21_28/sample_2007-06-14.npz,2007-06-14
./dataset_FULL_h180_next30_DOM_1_7_14_21_28/sample_2007-06-21.npz,2007-06-21
./dataset_FULL_h180_next30_DOM_1_7_14_21_28/sample_2007-06-28.npz,2007-06-28
./dataset_FULL_h180_next30_DOM_1_7_14_21_28/sample_2007-07-01.npz,2007-07-01
./dataset_FULL_h180_next30_DOM_1_7_14_21_28/sample_2007-07-07.npz,2007-07-07
./dataset_FULL_h180_next30_DOM_1_7_14_21_28/sample_2007-07-14.npz,2007-07-14
./dataset_FULL_h180_next30_DOM_1_7_14_21_28/sample_2007-07-21.npz,2007-07-21
./dataset_FULL_h180_next30_DOM_1_7_14_21_28/sample_2007-07-28.npz,2007-07-28
./dataset_FULL_h180_next30_DOM_1_7_14_21_28/sample_2007-08-01.npz,2007-08-01
./dataset_FULL_h180_next30_DOM_1_7_14_21_28/sample_2007-08-07.npz,2007-08-07
./dataset_FULL_h180_next30_DOM_1_7_14_21_28/sample_2007-08-14.npz,2007-08-14
./dataset_FULL_h180_next30_DOM_1_7_14_21_28/sample_2007-08-21.npz,2007-08-21
./dataset_FULL_h180_next30_DOM_1_7_14_21_28/sample_2007-08-28.npz,2007-08-28
./dataset_FULL_h180_next30_DOM_1_7_14_21_28/sample_2007-09-01.npz,2007-09-01
./dataset_FULL_h180_next30_DOM_1_7_14_21_28/sample_2007-09-07.npz,2007-09-07
./dataset_FULL_h180_next30_DOM_1_7_14_21_28/sample_2007-09-14.npz,2007-09-14
./dataset_FULL_h180_next30_DOM_1_7_14_21_28/sample_2007-09-21.npz,2007-09-21
./dataset_FULL_h180_next30_DOM_1_7_14_21_28/sample_2007-09-28.npz,2007-09-28
./dataset_FULL_h180_next30_DOM_1_7_14_21_28/sample_2007-10-01.npz,2007-10-01
./dataset_FULL_h180_next30_DOM_1_7_14_21_28/sample_2007-10-07.npz,2007-10-07
./dataset_FULL_h180_next30_DOM_1_7_14_21_28/sample_2007-10-14.npz,2007-10-14
./dataset_FULL_h180_next30_DOM_1_7_14_21_28/sample_2007-10-21.npz,2007-10-21
./dataset_FULL_h180_next30_DOM_1_7_14_21_28/sample_2007-10-28.npz,2007-10-28
./dataset_FULL_h180_next30_DOM_1_7_14_21_28/sample_2007-11-01.npz,2007-11-01
./dataset_FULL_h180_next30_DOM_1_7_14_21_28/sample_2007-11-07.npz,2007-11-07
./dataset_FULL_h180_next30_DOM_1_7_14_21_28/sample_2007-11-14.npz,2007-11-14
./dataset_FULL_h180_next30_DOM_1_7_14_21_28/sample_2007-11-21.npz,2007-11-21
./dataset_FULL_h180_next30_DOM_1_7_14_21_28/sample_2007-11-28.npz,2007-11-28
./dataset_FULL_h180_next30_DOM_1_7_14_21_28/sample_2007-12-01.npz,2007-12-01
./dataset_FULL_h180_next30_DOM_1_7_14_21_28/sample_2007-12-07.npz,2007-12-07
./dataset_FULL_h180_next30_DOM_1_7_14_21_28/sample_2007-12-14.npz,2007-12-14
./dataset_FULL_h180_next30_DOM_1_7_14_21_28/sample_2007-12-21.npz,2007-12-21
./dataset_FULL_h180_next30_DOM_1_7_14_21_28/sample_2007-12-28.npz,2007-12-28
./dataset_FULL_h180_next30_DOM_1_7_14_21_28/sample_2008-01-01.npz,2008-01-01
./dataset_FULL_h180_next30_DOM_1_7_14_21_28/sample_2008-01-07.npz,2008-01-07
./dataset_FULL_h180_next30_DOM_1_7_14_21_28/sample_2008-01-14.npz,2008-01-14
./dataset_FULL_h180_next30_DOM_1_7_14_21_28/sample_2008-01-21.npz,2008-01-21
./dataset_FULL_h180_next30_DOM_1_7_14_21_28/sample_2008-01-28.npz,2008-01-28
./dataset_FULL_h180_next30_DOM_1_7_14_21_28/sample_2008-02-01.npz,2008-02-01
./dataset_FULL_h180_next30_DOM_1_7_14_21_28/sample_2008-02-07.npz,2008-02-07
./dataset_FULL_h180_next30_DOM_1_7_14_21_28/sample_2008-02-14.npz,2008-02-14
./dataset_FULL_h180_next30_DOM_1_7_14_21_28/sample_2008-02-21.npz,2008-02-21
./dataset_FULL_h180_next30_DOM_1_7_14_21_28/sample_2008-02-28.npz,2008-02-28
./dataset_FULL_h180_next30_DOM_1_7_14_21_28/sample_2008-03-01.npz,2008-03-01
./dataset_FULL_h180_next30_DOM_1_7_14_21_28/sample_2008-03-07.npz,2008-03-07
./dataset_FULL_h180_next30_DOM_1_7_14_21_28/sample_2008-03-14.npz,2008-03-14
./dataset_FULL_h180_next30_DOM_1_7_14_21_28/sample_2008-03-21.npz,2008-03-21
./dataset_FULL_h180_next30_DOM_1_7_14_21_28/sample_2008-03-28.npz,2008-03-28
./dataset_FULL_h180_next30_DOM_1_7_14_21_28/sample_2008-04-01.npz,2008-04-01
./dataset_FULL_h180_next30_DOM_1_7_14_21_28/sample_2008-04-07.npz,2008-04-07
./dataset_FULL_h180_next30_DOM_1_7_14_21_28/sample_2008-04-14.npz,2008-04-14
./dataset_FULL_h180_next30_DOM_1_7_14_21_28/sample_2008-04-21.npz,2008-04-21
./dataset_FULL_h180_next30_DOM_1_7_14_21_28/sample_2008-04-28.npz,2008-04-28
./dataset_FULL_h180_next30_DOM_1_7_14_21_28/sample_2008-05-01.npz,2008-05-01
./dataset_FULL_h180_next30_DOM_1_7_14_21_28/sample_2008-05-07.npz,2008-05-07
./dataset_FULL_h180_next30_DOM_1_7_14_21_28/sample_2008-05-14.npz,2008-05-14
./dataset_FULL_h180_next30_DOM_1_7_14_21_28/sample_2008-05-21.npz,2008-05-21
./dataset_FULL_h180_next30_DOM_1_7_14_21_28/sample_2008-05-28.npz,2008-05-28
./dataset_FULL_h180_next30_DOM_1_7_14_21_28/sample_2008-06-01.npz,2008-06-01
./dataset_FULL_h180_next30_DOM_1_7_14_21_28/sample_2008-06-07.npz,2008-06-07
./dataset_FULL_h180_next30_DOM_1_7_14_21_28/sample_2008-06-14.npz,2008-06-14
./dataset_FULL_h180_next30_DOM_1_7_14_21_28/sample_2008-06-21.npz,2008-06-21
./dataset_FULL_h180_next30_DOM_1_7_14_21_28/sample_2008-06-28.npz,2008-06-28
./dataset_FULL_h180_next30_DOM_1_7_14_21_28/sample_2008-07-01.npz,2008-07-01
./dataset_FULL_h180_next30_DOM_1_7_14_21_28/sample_2008-07-07.npz,2008-07-07
./dataset_FULL_h180_next30_DOM_1_7_14_21_28/sample_2008-07-14.npz,2008-07-14
./dataset_FULL_h180_next30_DOM_1_7_14_21_28/sample_2008-07-21.npz,2008-07-21
./dataset_FULL_h180_next30_DOM_1_7_14_21_28/sample_2008-07-28.npz,2008-07-28
./dataset_FULL_h180_next30_DOM_1_7_14_21_28/sample_2008-08-01.npz,2008-08-01
./dataset_FULL_h180_next30_DOM_1_7_14_21_28/sample_2008-08-07.npz,2008-08-07
./dataset_FULL_h180_next30_DOM_1_7_14_21_28/sample_2008-08-14.npz,2008-08-14
./dataset_FULL_h180_next30_DOM_1_7_14_21_28/sample_2008-08-21.npz,2008-08-21
./dataset_FULL_h180_next30_DOM_1_7_14_21_28/sample_2008-08-28.npz,2008-08-28
./dataset_FULL_h180_next30_DOM_1_7_14_21_28/sample_2008-09-01.npz,2008-09-01
./dataset_FULL_h180_next30_DOM_1_7_14_21_28/sample_2008-09-07.npz,2008-09-07
./dataset_FULL_h180_next30_DOM_1_7_14_21_28/sample_2008-09-14.npz,2008-09-14
./dataset_FULL_h180_next30_DOM_1_7_14_21_28/sample_2008-09-21.npz,2008-09-21
./dataset_FULL_h180_next30_DOM_1_7_14_21_28/sample_2008-09-28.npz,2008-09-28
./dataset_FULL_h180_next30_DOM_1_7_14_21_28/sample_2008-10-01.npz,2008-10-01
./dataset_FULL_h180_next30_DOM_1_7_14_21_28/sample_2008-10-07.npz,2008-10-07
./dataset_FULL_h180_next30_DOM_1_7_14_21_28/sample_2008-10-14.npz,2008-10-14
./dataset_FULL_h180_next30_DOM_1_7_14_21_28/sample_2008-10-21.npz,2008-10-21
./dataset_FULL_h180_next30_DOM_1_7_14_21_28/sample_2008-10-28.npz,2008-10-28
./dataset_FULL_h180_next30_DOM_1_7_14_21_28/sample_2008-11-01.npz,2008-11-01
./dataset_FULL_h180_next30_DOM_1_7_14_21_28/sample_2008-11-07.npz,2008-11-07
./dataset_FULL_h180_next30_DOM_1_7_14_21_28/sample_2008-11-14.npz,2008-11-14
./dataset_FULL_h180_next30_DOM_1_7_14_21_28/sample_2008-11-21.npz,2008-11-21
./dataset_FULL_h180_next30_DOM_1_7_14_21_28/sample_2008-11-28.npz,2008-11-28
./dataset_FULL_h180_next30_DOM_1_7_14_21_28/sample_2008-12-01.npz,2008-12-01
./dataset_FULL_h180_next30_DOM_1_7_14_21_28/sample_2008-12-07.npz,2008-12-07
./dataset_FULL_h180_next30_DOM_1_7_14_21_28/sample_2008-12-14.npz,2008-12-14
./dataset_FULL_h180_next30_DOM_1_7_14_21_28/sample_2008-12-21.npz,2008-12-21
./dataset_FULL_h180_next30_DOM_1_7_14_21_28/sample_2008-12-28.npz,2008-12-28
./dataset_FULL_h180_next30_DOM_1_7_14_21_28/sample_2009-01-01.npz,2009-01-01
./dataset_FULL_h180_next30_DOM_1_7_14_21_28/sample_2009-01-07.npz,2009-01-07
./dataset_FULL_h180_next30_DOM_1_7_14_21_28/sample_2009-01-14.npz,2009-01-14
./dataset_FULL_h180_next30_DOM_1_7_14_21_28/sample_2009-01-21.npz,2009-01-21
./dataset_FULL_h180_next30_DOM_1_7_14_21_28/sample_2009-01-28.npz,2009-01-28
./dataset_FULL_h180_next30_DOM_1_7_14_21_28/sample_2009-02-01.npz,2009-02-01
./dataset_FULL_h180_next30_DOM_1_7_14_21_28/sample_2009-02-07.npz,2009-02-07
./dataset_FULL_h180_next30_DOM_1_7_14_21_28/sample_2009-02-14.npz,2009-02-14
./dataset_FULL_h180_next30_DOM_1_7_14_21_28/sample_2009-02-21.npz,2009-02-21
./dataset_FULL_h180_next30_DOM_1_7_14_21_28/sample_2009-02-28.npz,2009-02-28
./dataset_FULL_h180_next30_DOM_1_7_14_21_28/sample_2009-03-01.npz,2009-03-01
./dataset_FULL_h180_next30_DOM_1_7_14_21_28/sample_2009-03-07.npz,2009-03-07
./dataset_FULL_h180_next30_DOM_1_7_14_21_28/sample_2009-03-14.npz,2009-03-14
./dataset_FULL_h180_next30_DOM_1_7_14_21_28/sample_2009-03-21.npz,2009-03-21
./dataset_FULL_h180_next30_DOM_1_7_14_21_28/sample_2009-03-28.npz,2009-03-28
./dataset_FULL_h180_next30_DOM_1_7_14_21_28/sample_2009-04-01.npz,2009-04-01
./dataset_FULL_h180_next30_DOM_1_7_14_21_28/sample_2009-04-07.npz,2009-04-07
./dataset_FULL_h180_next30_DOM_1_7_14_21_28/sample_2009-04-14.npz,2009-04-14
./dataset_FULL_h180_next30_DOM_1_7_14_21_28/sample_2009-04-21.npz,2009-04-21
./dataset_FULL_h180_next30_DOM_1_7_14_21_28/sample_2009-04-28.npz,2009-04-28
./dataset_FULL_h180_next30_DOM_1_7_14_21_28/sample_2009-05-01.npz,2009-05-01
./dataset_FULL_h180_next30_DOM_1_7_14_21_28/sample_2009-05-07.npz,2009-05-07
./dataset_FULL_h180_next30_DOM_1_7_14_21_28/sample_2009-05-14.npz,2009-05-14
./dataset_FULL_h180_next30_DOM_1_7_14_21_28/sample_2009-05-21.npz,2009-05-21
./dataset_FULL_h180_next30_DOM_1_7_14_21_28/sample_2009-05-28.npz,2009-05-28
./dataset_FULL_h180_next30_DOM_1_7_14_21_28/sample_2009-06-01.npz,2009-06-01
./dataset_FULL_h180_next30_DOM_1_7_14_21_28/sample_2009-06-07.npz,2009-06-07
./dataset_FULL_h180_next30_DOM_1_7_14_21_28/sample_2009-06-14.npz,2009-06-14
./dataset_FULL_h180_next30_DOM_1_7_14_21_28/sample_2009-06-21.npz,2009-06-21
./dataset_FULL_h180_next30_DOM_1_7_14_21_28/sample_2009-06-28.npz,2009-06-28
./dataset_FULL_h180_next30_DOM_1_7_14_21_28/sample_2009-07-01.npz,2009-07-01
./dataset_FULL_h180_next30_DOM_1_7_14_21_28/sample_2009-07-07.npz,2009-07-07
./dataset_FULL_h180_next30_DOM_1_7_14_21_28/sample_2009-07-14.npz,2009-07-14
./dataset_FULL_h180_next30_DOM_1_7_14_21_28/sample_2009-07-21.npz,2009-07-21
./dataset_FULL_h180_next30_DOM_1_7_14_21_28/sample_2009-07-28.npz,2009-07-28
./dataset_FULL_h180_next30_DOM_1_7_14_21_28/sample_2009-08-01.npz,2009-08-01
./dataset_FULL_h180_next30_DOM_1_7_14_21_28/sample_2009-08-07.npz,2009-08-07
./dataset_FULL_h180_next30_DOM_1_7_14_21_28/sample_2009-08-14.npz,2009-08-14
./dataset_FULL_h180_next30_DOM_1_7_14_21_28/sample_2009-08-21.npz,2009-08-21
./dataset_FULL_h180_next30_DOM_1_7_14_21_28/sample_2009-08-28.npz,2009-08-28
./dataset_FULL_h180_next30_DOM_1_7_14_21_28/sample_2009-09-01.npz,2009-09-01
./dataset_FULL_h180_next30_DOM_1_7_14_21_28/sample_2009-09-07.npz,2009-09-07
./dataset_FULL_h180_next30_DOM_1_7_14_21_28/sample_2009-09-14.npz,2009-09-14
./dataset_FULL_h180_next30_DOM_1_7_14_21_28/sample_2009-09-21.npz,2009-09-21
./dataset_FULL_h180_next30_DOM_1_7_14_21_28/sample_2009-09-28.npz,2009-09-28
./dataset_FULL_h180_next30_DOM_1_7_14_21_28/sample_2009-10-01.npz,2009-10-01
./dataset_FULL_h180_next30_DOM_1_7_14_21_28/sample_2009-10-07.npz,2009-10-07
./dataset_FULL_h180_next30_DOM_1_7_14_21_28/sample_2009-10-14.npz,2009-10-14
./dataset_FULL_h180_next30_DOM_1_7_14_21_28/sample_2009-10-21.npz,2009-10-21
./dataset_FULL_h180_next30_DOM_1_7_14_21_28/sample_2009-10-28.npz,2009-10-28
./dataset_FULL_h180_next30_DOM_1_7_14_21_28/sample_2009-11-01.npz,2009-11-01
./dataset_FULL_h180_next30_DOM_1_7_14_21_28/sample_2009-11-07.npz,2009-11-07
./dataset_FULL_h180_next30_DOM_1_7_14_21_28/sample_2009-11-14.npz,2009-11-14
./dataset_FULL_h180_next30_DOM_1_7_14_21_28/sample_2009-11-21.npz,2009-11-21
./dataset_FULL_h180_next30_DOM_1_7_14_21_28/sample_2009-11-28.npz,2009-11-28
./dataset_FULL_h180_next30_DOM_1_7_14_21_28/sample_2009-12-01.npz,2009-12-01
./dataset_FULL_h180_next30_DOM_1_7_14_21_28/sample_2009-12-07.npz,2009-12-07
./dataset_FULL_h180_next30_DOM_1_7_14_21_28/sample_2009-12-14.npz,2009-12-14
./dataset_FULL_h180_next30_DOM_1_7_14_21_28/sample_2009-12-21.npz,2009-12-21
./dataset_FULL_h180_next30_DOM_1_7_14_21_28/sample_2009-12-28.npz,2009-12-28
./dataset_FULL_h180_next30_DOM_1_7_14_21_28/sample_2010-01-01.npz,2010-01-01
./dataset_FULL_h180_next30_DOM_1_7_14_21_28/sample_2010-01-07.npz,2010-01-07
./dataset_FULL_h180_next30_DOM_1_7_14_21_28/sample_2010-01-14.npz,2010-01-14
./dataset_FULL_h180_next30_DOM_1_7_14_21_28/sample_2010-01-21.npz,2010-01-21
./dataset_FULL_h180_next30_DOM_1_7_14_21_28/sample_2010-01-28.npz,2010-01-28
./dataset_FULL_h180_next30_DOM_1_7_14_21_28/sample_2010-02-01.npz,2010-02-01
./dataset_FULL_h180_next30_DOM_1_7_14_21_28/sample_2010-02-07.npz,2010-02-07
./dataset_FULL_h180_next30_DOM_1_7_14_21_28/sample_2010-02-14.npz,2010-02-14
./dataset_FULL_h180_next30_DOM_1_7_14_21_28/sample_2010-02-21.npz,2010-02-21
./dataset_FULL_h180_next30_DOM_1_7_14_21_28/sample_2010-02-28.npz,2010-02-28
./dataset_FULL_h180_next30_DOM_1_7_14_21_28/sample_2010-03-01.npz,2010-03-01
./dataset_FULL_h180_next30_DOM_1_7_14_21_28/sample_2010-03-07.npz,2010-03-07
./dataset_FULL_h180_next30_DOM_1_7_14_21_28/sample_2010-03-14.npz,2010-03-14
./dataset_FULL_h180_next30_DOM_1_7_14_21_28/sample_2010-03-21.npz,2010-03-21
./dataset_FULL_h180_next30_DOM_1_7_14_21_28/sample_2010-03-28.npz,2010-03-28
./dataset_FULL_h180_next30_DOM_1_7_14_21_28/sample_2010-04-01.npz,2010-04-01
./dataset_FULL_h180_next30_DOM_1_7_14_21_28/sample_2010-04-07.npz,2010-04-07
./dataset_FULL_h180_next30_DOM_1_7_14_21_28/sample_2010-04-14.npz,2010-04-14
./dataset_FULL_h180_next30_DOM_1_7_14_21_28/sample_2010-04-21.npz,2010-04-21
./dataset_FULL_h180_next30_DOM_1_7_14_21_28/sample_2010-04-28.npz,2010-04-28
./dataset_FULL_h180_next30_DOM_1_7_14_21_28/sample_2010-05-01.npz,2010-05-01
./dataset_FULL_h180_next30_DOM_1_7_14_21_28/sample_2010-05-07.npz,2010-05-07
./dataset_FULL_h180_next30_DOM_1_7_14_21_28/sample_2010-05-14.npz,2010-05-14
./dataset_FULL_h180_next30_DOM_1_7_14_21_28/sample_2010-05-21.npz,2010-05-21
./dataset_FULL_h180_next30_DOM_1_7_14_21_28/sample_2010-05-28.npz,2010-05-28
./dataset_FULL_h180_next30_DOM_1_7_14_21_28/sample_2010-06-01.npz,2010-06-01
./dataset_FULL_h180_next30_DOM_1_7_14_21_28/sample_2010-06-07.npz,2010-06-07
./dataset_FULL_h180_next30_DOM_1_7_14_21_28/sample_2010-06-14.npz,2010-06-14
./dataset_FULL_h180_next30_DOM_1_7_14_21_28/sample_2010-06-21.npz,2010-06-21
./dataset_FULL_h180_next30_DOM_1_7_14_21_28/sample_2010-06-28.npz,2010-06-28
./dataset_FULL_h180_next30_DOM_1_7_14_21_28/sample_2010-07-01.npz,2010-07-01
./dataset_FULL_h180_next30_DOM_1_7_14_21_28/sample_2010-07-07.npz,2010-07-07
./dataset_FULL_h180_next30_DOM_1_7_14_21_28/sample_2010-07-14.npz,2010-07-14
./dataset_FULL_h180_next30_DOM_1_7_14_21_28/sample_2010-07-21.npz,2010-07-21
./dataset_FULL_h180_next30_DOM_1_7_14_21_28/sample_2010-07-28.npz,2010-07-28
./dataset_FULL_h180_next30_DOM_1_7_14_21_28/sample_2010-08-01.npz,2010-08-01
./dataset_FULL_h180_next30_DOM_1_7_14_21_28/sample_2010-08-07.npz,2010-08-07
./dataset_FULL_h180_next30_DOM_1_7_14_21_28/sample_2010-08-14.npz,2010-08-14
./dataset_FULL_h180_next30_DOM_1_7_14_21_28/sample_2010-08-21.npz,2010-08-21
./dataset_FULL_h180_next30_DOM_1_7_14_21_28/sample_2010-08-28.npz,2010-08-28
./dataset_FULL_h180_next30_DOM_1_7_14_21_28/sample_2010-09-01.npz,2010-09-01
./dataset_FULL_h180_next30_DOM_1_7_14_21_28/sample_2010-09-07.npz,2010-09-07
./dataset_FULL_h180_next30_DOM_1_7_14_21_28/sample_2010-09-14.npz,2010-09-14
./dataset_FULL_h180_next30_DOM_1_7_14_21_28/sample_2010-09-21.npz,2010-09-21
./dataset_FULL_h180_next30_DOM_1_7_14_21_28/sample_2010-09-28.npz,2010-09-28
./dataset_FULL_h180_next30_DOM_1_7_14_21_28/sample_2010-10-01.npz,2010-10-01
./dataset_FULL_h180_next30_DOM_1_7_14_21_28/sample_2010-10-07.npz,2010-10-07
./dataset_FULL_h180_next30_DOM_1_7_14_21_28/sample_2010-10-14.npz,2010-10-14
./dataset_FULL_h180_next30_DOM_1_7_14_21_28/sample_2010-10-21.npz,2010-10-21
./dataset_FULL_h180_next30_DOM_1_7_14_21_28/sample_2010-10-28.npz,2010-10-28
./dataset_FULL_h180_next30_DOM_1_7_14_21_28/sample_2010-11-01.npz,2010-11-01
./dataset_FULL_h180_next30_DOM_1_7_14_21_28/sample_2010-11-07.npz,2010-11-07
./dataset_FULL_h180_next30_DOM_1_7_14_21_28/sample_2010-11-14.npz,2010-11-14
./dataset_FULL_h180_next30_DOM_1_7_14_21_28/sample_2010-11-21.npz,2010-11-21
./dataset_FULL_h180_next30_DOM_1_7_14_21_28/sample_2010-11-28.npz,2010-11-28
./dataset_FULL_h180_next30_DOM_1_7_14_21_28/sample_2010-12-01.npz,2010-12-01
./dataset_FULL_h180_next30_DOM_1_7_14_21_28/sample_2010-12-07.npz,2010-12-07
./dataset_FULL_h180_next30_DOM_1_7_14_21_28/sample_2010-12-14.npz,2010-12-14
./dataset_FULL_h180_next30_DOM_1_7_14_21_28/sample_2010-12-21.npz,2010-12-21
./dataset_FULL_h180_next30_DOM_1_7_14_21_28/sample_2010-12-28.npz,2010-12-28
./dataset_FULL_h180_next30_DOM_1_7_14_21_28/sample_2011-01-01.npz,2011-01-01
./dataset_FULL_h180_next30_DOM_1_7_14_21_28/sample_2011-01-07.npz,2011-01-07
./dataset_FULL_h180_next30_DOM_1_7_14_21_28/sample_2011-01-14.npz,2011-01-14
./dataset_FULL_h180_next30_DOM_1_7_14_21_28/sample_2011-01-21.npz,2011-01-21
./dataset_FULL_h180_next30_DOM_1_7_14_21_28/sample_2011-01-28.npz,2011-01-28
./dataset_FULL_h180_next30_DOM_1_7_14_21_28/sample_2011-02-01.npz,2011-02-01
./dataset_FULL_h180_next30_DOM_1_7_14_21_28/sample_2011-02-07.npz,2011-02-07
./dataset_FULL_h180_next30_DOM_1_7_14_21_28/sample_2011-02-14.npz,2011-02-14
./dataset_FULL_h180_next30_DOM_1_7_14_21_28/sample_2011-02-21.npz,2011-02-21
./dataset_FULL_h180_next30_DOM_1_7_14_21_28/sample_2011-02-28.npz,2011-02-28
./dataset_FULL_h180_next30_DOM_1_7_14_21_28/sample_2011-03-01.npz,2011-03-01
./dataset_FULL_h180_next30_DOM_1_7_14_21_28/sample_2011-03-07.npz,2011-03-07
./dataset_FULL_h180_next30_DOM_1_7_14_21_28/sample_2011-03-14.npz,2011-03-14
./dataset_FULL_h180_next30_DOM_1_7_14_21_28/sample_2011-03-21.npz,2011-03-21
./dataset_FULL_h180_next30_DOM_1_7_14_21_28/sample_2011-03-28.npz,2011-03-28
./dataset_FULL_h180_next30_DOM_1_7_14_21_28/sample_2011-04-01.npz,2011-04-01
./dataset_FULL_h180_next30_DOM_1_7_14_21_28/sample_2011-04-07.npz,2011-04-07
./dataset_FULL_h180_next30_DOM_1_7_14_21_28/sample_2011-04-14.npz,2011-04-14
./dataset_FULL_h180_next30_DOM_1_7_14_21_28/sample_2011-04-21.npz,2011-04-21
./dataset_FULL_h180_next30_DOM_1_7_14_21_28/sample_2011-04-28.npz,2011-04-28
./dataset_FULL_h180_next30_DOM_1_7_14_21_28/sample_2011-05-01.npz,2011-05-01
./dataset_FULL_h180_next30_DOM_1_7_14_21_28/sample_2011-05-07.npz,2011-05-07
./dataset_FULL_h180_next30_DOM_1_7_14_21_28/sample_2011-05-14.npz,2011-05-14
./dataset_FULL_h180_next30_DOM_1_7_14_21_28/sample_2011-05-21.npz,2011-05-21
./dataset_FULL_h180_next30_DOM_1_7_14_21_28/sample_2011-05-28.npz,2011-05-28
./dataset_FULL_h180_next30_DOM_1_7_14_21_28/sample_2011-06-01.npz,2011-06-01
./dataset_FULL_h180_next30_DOM_1_7_14_21_28/sample_2011-06-07.npz,2011-06-07
./dataset_FULL_h180_next30_DOM_1_7_14_21_28/sample_2011-06-14.npz,2011-06-14
./dataset_FULL_h180_next30_DOM_1_7_14_21_28/sample_2011-06-21.npz,2011-06-21
./dataset_FULL_h180_next30_DOM_1_7_14_21_28/sample_2011-06-28.npz,2011-06-28
./dataset_FULL_h180_next30_DOM_1_7_14_21_28/sample_2011-07-01.npz,2011-07-01
./dataset_FULL_h180_next30_DOM_1_7_14_21_28/sample_2011-07-07.npz,2011-07-07
./dataset_FULL_h180_next30_DOM_1_7_14_21_28/sample_2011-07-14.npz,2011-07-14
./dataset_FULL_h180_next30_DOM_1_7_14_21_28/sample_2011-07-21.npz,2011-07-21
./dataset_FULL_h180_next30_DOM_1_7_14_21_28/sample_2011-07-28.npz,2011-07-28
./dataset_FULL_h180_next30_DOM_1_7_14_21_28/sample_2011-08-01.npz,2011-08-01
./dataset_FULL_h180_next30_DOM_1_7_14_21_28/sample_2011-08-07.npz,2011-08-07
./dataset_FULL_h180_next30_DOM_1_7_14_21_28/sample_2011-08-14.npz,2011-08-14
./dataset_FULL_h180_next30_DOM_1_7_14_21_28/sample_2011-08-21.npz,2011-08-21
./dataset_FULL_h180_next30_DOM_1_7_14_21_28/sample_2011-08-28.npz,2011-08-28
./dataset_FULL_h180_next30_DOM_1_7_14_21_28/sample_2011-09-01.npz,2011-09-01
./dataset_FULL_h180_next30_DOM_1_7_14_21_28/sample_2011-09-07.npz,2011-09-07
./dataset_FULL_h180_next30_DOM_1_7_14_21_28/sample_2011-09-14.npz,2011-09-14
./dataset_FULL_h180_next30_DOM_1_7_14_21_28/sample_2011-09-21.npz,2011-09-21
./dataset_FULL_h180_next30_DOM_1_7_14_21_28/sample_2011-09-28.npz,2011-09-28
./dataset_FULL_h180_next30_DOM_1_7_14_21_28/sample_2011-10-01.npz,2011-10-01
./dataset_FULL_h180_next30_DOM_1_7_14_21_28/sample_2011-10-07.npz,2011-10-07
./dataset_FULL_h180_next30_DOM_1_7_14_21_28/sample_2011-10-14.npz,2011-10-14
./dataset_FULL_h180_next30_DOM_1_7_14_21_28/sample_2011-10-21.npz,2011-10-21
./dataset_FULL_h180_next30_DOM_1_7_14_21_28/sample_2011-10-28.npz,2011-10-28
./dataset_FULL_h180_next30_DOM_1_7_14_21_28/sample_2011-11-01.npz,2011-11-01
./dataset_FULL_h180_next30_DOM_1_7_14_21_28/sample_2011-11-07.npz,2011-11-07
./dataset_FULL_h180_next30_DOM_1_7_14_21_28/sample_2011-11-14.npz,2011-11-14
./dataset_FULL_h180_next30_DOM_1_7_14_21_28/sample_2011-11-21.npz,2011-11-21
./dataset_FULL_h180_next30_DOM_1_7_14_21_28/sample_2011-11-28.npz,2011-11-28
./dataset_FULL_h180_next30_DOM_1_7_14_21_28/sample_2011-12-01.npz,2011-12-01
./dataset_FULL_h180_next30_DOM_1_7_14_21_28/sample_2011-12-07.npz,2011-12-07
./dataset_FULL_h180_next30_DOM_1_7_14_21_28/sample_2011-12-14.npz,2011-12-14
./dataset_FULL_h180_next30_DOM_1_7_14_21_28/sample_2011-12-21.npz,2011-12-21
./dataset_FULL_h180_next30_DOM_1_7_14_21_28/sample_2011-12-28.npz,2011-12-28
./dataset_FULL_h180_next30_DOM_1_7_14_21_28/sample_2012-01-01.npz,2012-01-01
./dataset_FULL_h180_next30_DOM_1_7_14_21_28/sample_2012-01-07.npz,2012-01-07
./dataset_FULL_h180_next30_DOM_1_7_14_21_28/sample_2012-01-14.npz,2012-01-14
./dataset_FULL_h180_next30_DOM_1_7_14_21_28/sample_2012-01-21.npz,2012-01-21
./dataset_FULL_h180_next30_DOM_1_7_14_21_28/sample_2012-01-28.npz,2012-01-28
./dataset_FULL_h180_next30_DOM_1_7_14_21_28/sample_2012-02-01.npz,2012-02-01
./dataset_FULL_h180_next30_DOM_1_7_14_21_28/sample_2012-02-07.npz,2012-02-07
./dataset_FULL_h180_next30_DOM_1_7_14_21_28/sample_2012-02-14.npz,2012-02-14
./dataset_FULL_h180_next30_DOM_1_7_14_21_28/sample_2012-02-21.npz,2012-02-21
./dataset_FULL_h180_next30_DOM_1_7_14_21_28/sample_2012-02-28.npz,2012-02-28
./dataset_FULL_h180_next30_DOM_1_7_14_21_28/sample_2012-03-01.npz,2012-03-01
./dataset_FULL_h180_next30_DOM_1_7_14_21_28/sample_2012-03-07.npz,2012-03-07
./dataset_FULL_h180_next30_DOM_1_7_14_21_28/sample_2012-03-14.npz,2012-03-14
./dataset_FULL_h180_next30_DOM_1_7_14_21_28/sample_2012-03-21.npz,2012-03-21
./dataset_FULL_h180_next30_DOM_1_7_14_21_28/sample_2012-03-28.npz,2012-03-28
./dataset_FULL_h180_next30_DOM_1_7_14_21_28/sample_2012-04-01.npz,2012-04-01
./dataset_FULL_h180_next30_DOM_1_7_14_21_28/sample_2012-04-07.npz,2012-04-07
./dataset_FULL_h180_next30_DOM_1_7_14_21_28/sample_2012-04-14.npz,2012-04-14
./dataset_FULL_h180_next30_DOM_1_7_14_21_28/sample_2012-04-21.npz,2012-04-21
./dataset_FULL_h180_next30_DOM_1_7_14_21_28/sample_2012-04-28.npz,2012-04-28
./dataset_FULL_h180_next30_DOM_1_7_14_21_28/sample_2012-05-01.npz,2012-05-01
./dataset_FULL_h180_next30_DOM_1_7_14_21_28/sample_2012-05-07.npz,2012-05-07
./dataset_FULL_h180_next30_DOM_1_7_14_21_28/sample_2012-05-14.npz,2012-05-14
./dataset_FULL_h180_next30_DOM_1_7_14_21_28/sample_2012-05-21.npz,2012-05-21
./dataset_FULL_h180_next30_DOM_1_7_14_21_28/sample_2012-05-28.npz,2012-05-28
./dataset_FULL_h180_next30_DOM_1_7_14_21_28/sample_2012-06-01.npz,2012-06-01
./dataset_FULL_h180_next30_DOM_1_7_14_21_28/sample_2012-06-07.npz,2012-06-07
./dataset_FULL_h180_next30_DOM_1_7_14_21_28/sample_2012-06-14.npz,2012-06-14
./dataset_FULL_h180_next30_DOM_1_7_14_21_28/sample_2012-06-21.npz,2012-06-21
./dataset_FULL_h180_next30_DOM_1_7_14_21_28/sample_2012-06-28.npz,2012-06-28
./dataset_FULL_h180_next30_DOM_1_7_14_21_28/sample_2012-07-01.npz,2012-07-01
./dataset_FULL_h180_next30_DOM_1_7_14_21_28/sample_2012-07-07.npz,2012-07-07
./dataset_FULL_h180_next30_DOM_1_7_14_21_28/sample_2012-07-14.npz,2012-07-14
./dataset_FULL_h180_next30_DOM_1_7_14_21_28/sample_2012-07-21.npz,2012-07-21
./dataset_FULL_h180_next30_DOM_1_7_14_21_28/sample_2012-07-28.npz,2012-07-28
./dataset_FULL_h180_next30_DOM_1_7_14_21_28/sample_2012-08-01.npz,2012-08-01
./dataset_FULL_h180_next30_DOM_1_7_14_21_28/sample_2012-08-07.npz,2012-08-07
./dataset_FULL_h180_next30_DOM_1_7_14_21_28/sample_2012-08-14.npz,2012-08-14
./dataset_FULL_h180_next30_DOM_1_7_14_21_28/sample_2012-08-21.npz,2012-08-21
./dataset_FULL_h180_next30_DOM_1_7_14_21_28/sample_2012-08-28.npz,2012-08-28
./dataset_FULL_h180_next30_DOM_1_7_14_21_28/sample_2012-09-01.npz,2012-09-01
./dataset_FULL_h180_next30_DOM_1_7_14_21_28/sample_2012-09-07.npz,2012-09-07
./dataset_FULL_h180_next30_DOM_1_7_14_21_28/sample_2012-09-14.npz,2012-09-14
./dataset_FULL_h180_next30_DOM_1_7_14_21_28/sample_2012-09-21.npz,2012-09-21
./dataset_FULL_h180_next30_DOM_1_7_14_21_28/sample_2012-09-28.npz,2012-09-28
./dataset_FULL_h180_next30_DOM_1_7_14_21_28/sample_2012-10-01.npz,2012-10-01
./dataset_FULL_h180_next30_DOM_1_7_14_21_28/sample_2012-10-07.npz,2012-10-07
./dataset_FULL_h180_next30_DOM_1_7_14_21_28/sample_2012-10-14.npz,2012-10-14
./dataset_FULL_h180_next30_DOM_1_7_14_21_28/sample_2012-10-21.npz,2012-10-21
./dataset_FULL_h180_next30_DOM_1_7_14_21_28/sample_2012-10-28.npz,2012-10-28
./dataset_FULL_h180_next30_DOM_1_7_14_21_28/sample_2012-11-01.npz,2012-11-01
./dataset_FULL_h180_next30_DOM_1_7_14_21_28/sample_2012-11-07.npz,2012-11-07
./dataset_FULL_h180_next30_DOM_1_7_14_21_28/sample_2012-11-14.npz,2012-11-14
./dataset_FULL_h180_next30_DOM_1_7_14_21_28/sample_2012-11-21.npz,2012-11-21
./dataset_FULL_h180_next30_DOM_1_7_14_21_28/sample_2012-11-28.npz,2012-11-28
./dataset_FULL_h180_next30_DOM_1_7_14_21_28/sample_2012-12-01.npz,2012-12-01
./dataset_FULL_h180_next30_DOM_1_7_14_21_28/sample_2012-12-07.npz,2012-12-07
./dataset_FULL_h180_next30_DOM_1_7_14_21_28/sample_2012-12-14.npz,2012-12-14
./dataset_FULL_h180_next30_DOM_1_7_14_21_28/sample_2012-12-21.npz,2012-12-21
./dataset_FULL_h180_next30_DOM_1_7_14_21_28/sample_2012-12-28.npz,2012-12-28
./dataset_FULL_h180_next30_DOM_1_7_14_21_28/sample_2013-01-01.npz,2013-01-01
./dataset_FULL_h180_next30_DOM_1_7_14_21_28/sample_2013-01-07.npz,2013-01-07
./dataset_FULL_h180_next30_DOM_1_7_14_21_28/sample_2013-01-14.npz,2013-01-14
./dataset_FULL_h180_next30_DOM_1_7_14_21_28/sample_2013-01-21.npz,2013-01-21
./dataset_FULL_h180_next30_DOM_1_7_14_21_28/sample_2013-01-28.npz,2013-01-28
./dataset_FULL_h180_next30_DOM_1_7_14_21_28/sample_2013-02-01.npz,2013-02-01
./dataset_FULL_h180_next30_DOM_1_7_14_21_28/sample_2013-02-07.npz,2013-02-07
./dataset_FULL_h180_next30_DOM_1_7_14_21_28/sample_2013-02-14.npz,2013-02-14
./dataset_FULL_h180_next30_DOM_1_7_14_21_28/sample_2013-02-21.npz,2013-02-21
./dataset_FULL_h180_next30_DOM_1_7_14_21_28/sample_2013-02-28.npz,2013-02-28
./dataset_FULL_h180_next30_DOM_1_7_14_21_28/sample_2013-03-01.npz,2013-03-01
./dataset_FULL_h180_next30_DOM_1_7_14_21_28/sample_2013-03-07.npz,2013-03-07
./dataset_FULL_h180_next30_DOM_1_7_14_21_28/sample_2013-03-14.npz,2013-03-14
./dataset_FULL_h180_next30_DOM_1_7_14_21_28/sample_2013-03-21.npz,2013-03-21
./dataset_FULL_h180_next30_DOM_1_7_14_21_28/sample_2013-03-28.npz,2013-03-28
./dataset_FULL_h180_next30_DOM_1_7_14_21_28/sample_2013-04-01.npz,2013-04-01
./dataset_FULL_h180_next30_DOM_1_7_14_21_28/sample_2013-04-07.npz,2013-04-07
./dataset_FULL_h180_next30_DOM_1_7_14_21_28/sample_2013-04-14.npz,2013-04-14
./dataset_FULL_h180_next30_DOM_1_7_14_21_28/sample_2013-04-21.npz,2013-04-21
./dataset_FULL_h180_next30_DOM_1_7_14_21_28/sample_2013-04-28.npz,2013-04-28
./dataset_FULL_h180_next30_DOM_1_7_14_21_28/sample_2013-05-01.npz,2013-05-01
./dataset_FULL_h180_next30_DOM_1_7_14_21_28/sample_2013-05-07.npz,2013-05-07
./dataset_FULL_h180_next30_DOM_1_7_14_21_28/sample_2013-05-14.npz,2013-05-14
./dataset_FULL_h180_next30_DOM_1_7_14_21_28/sample_2013-05-21.npz,2013-05-21
./dataset_FULL_h180_next30_DOM_1_7_14_21_28/sample_2013-05-28.npz,2013-05-28
./dataset_FULL_h180_next30_DOM_1_7_14_21_28/sample_2013-06-01.npz,2013-06-01
./dataset_FULL_h180_next30_DOM_1_7_14_21_28/sample_2013-06-07.npz,2013-06-07
./dataset_FULL_h180_next30_DOM_1_7_14_21_28/sample_2013-06-14.npz,2013-06-14
./dataset_FULL_h180_next30_DOM_1_7_14_21_28/sample_2013-06-21.npz,2013-06-21
./dataset_FULL_h180_next30_DOM_1_7_14_21_28/sample_2013-06-28.npz,2013-06-28
./dataset_FULL_h180_next30_DOM_1_7_14_21_28/sample_2013-07-01.npz,2013-07-01
./dataset_FULL_h180_next30_DOM_1_7_14_21_28/sample_2013-07-07.npz,2013-07-07
./dataset_FULL_h180_next30_DOM_1_7_14_21_28/sample_2013-07-14.npz,2013-07-14
./dataset_FULL_h180_next30_DOM_1_7_14_21_28/sample_2013-07-21.npz,2013-07-21
./dataset_FULL_h180_next30_DOM_1_7_14_21_28/sample_2013-07-28.npz,2013-07-28
./dataset_FULL_h180_next30_DOM_1_7_14_21_28/sample_2013-08-01.npz,2013-08-01
./dataset_FULL_h180_next30_DOM_1_7_14_21_28/sample_2013-08-07.npz,2013-08-07
./dataset_FULL_h180_next30_DOM_1_7_14_21_28/sample_2013-08-14.npz,2013-08-14
./dataset_FULL_h180_next30_DOM_1_7_14_21_28/sample_2013-08-21.npz,2013-08-21
./dataset_FULL_h180_next30_DOM_1_7_14_21_28/sample_2013-08-28.npz,2013-08-28
./dataset_FULL_h180_next30_DOM_1_7_14_21_28/sample_2013-09-01.npz,2013-09-01
./dataset_FULL_h180_next30_DOM_1_7_14_21_28/sample_2013-09-07.npz,2013-09-07
./dataset_FULL_h180_next30_DOM_1_7_14_21_28/sample_2013-09-14.npz,2013-09-14
./dataset_FULL_h180_next30_DOM_1_7_14_21_28/sample_2013-09-21.npz,2013-09-21
./dataset_FULL_h180_next30_DOM_1_7_14_21_28/sample_2013-09-28.npz,2013-09-28
./dataset_FULL_h180_next30_DOM_1_7_14_21_28/sample_2013-10-01.npz,2013-10-01
./dataset_FULL_h180_next30_DOM_1_7_14_21_28/sample_2013-10-07.npz,2013-10-07
./dataset_FULL_h180_next30_DOM_1_7_14_21_28/sample_2013-10-14.npz,2013-10-14
./dataset_FULL_h180_next30_DOM_1_7_14_21_28/sample_2013-10-21.npz,2013-10-21
./dataset_FULL_h180_next30_DOM_1_7_14_21_28/sample_2013-10-28.npz,2013-10-28
./dataset_FULL_h180_next30_DOM_1_7_14_21_28/sample_2013-11-01.npz,2013-11-01
./dataset_FULL_h180_next30_DOM_1_7_14_21_28/sample_2013-11-07.npz,2013-11-07
./dataset_FULL_h180_next30_DOM_1_7_14_21_28/sample_2013-11-14.npz,2013-11-14
./dataset_FULL_h180_next30_DOM_1_7_14_21_28/sample_2013-11-21.npz,2013-11-21
./dataset_FULL_h180_next30_DOM_1_7_14_21_28/sample_2013-11-28.npz,2013-11-28
./dataset_FULL_h180_next30_DOM_1_7_14_21_28/sample_2013-12-01.npz,2013-12-01
./dataset_FULL_h180_next30_DOM_1_7_14_21_28/sample_2013-12-07.npz,2013-12-07
./dataset_FULL_h180_next30_DOM_1_7_14_21_28/sample_2013-12-14.npz,2013-12-14
./dataset_FULL_h180_next30_DOM_1_7_14_21_28/sample_2013-12-21.npz,2013-12-21
./dataset_FULL_h180_next30_DOM_1_7_14_21_28/sample_2013-12-28.npz,2013-12-28
./dataset_FULL_h180_next30_DOM_1_7_14_21_28/sample_2014-01-01.npz,2014-01-01
./dataset_FULL_h180_next30_DOM_1_7_14_21_28/sample_2014-01-07.npz,2014-01-07
./dataset_FULL_h180_next30_DOM_1_7_14_21_28/sample_2014-01-14.npz,2014-01-14
./dataset_FULL_h180_next30_DOM_1_7_14_21_28/sample_2014-01-21.npz,2014-01-21
./dataset_FULL_h180_next30_DOM_1_7_14_21_28/sample_2014-01-28.npz,2014-01-28
./dataset_FULL_h180_next30_DOM_1_7_14_21_28/sample_2014-02-01.npz,2014-02-01
./dataset_FULL_h180_next30_DOM_1_7_14_21_28/sample_2014-02-07.npz,2014-02-07
./dataset_FULL_h180_next30_DOM_1_7_14_21_28/sample_2014-02-14.npz,2014-02-14
./dataset_FULL_h180_next30_DOM_1_7_14_21_28/sample_2014-02-21.npz,2014-02-21
./dataset_FULL_h180_next30_DOM_1_7_14_21_28/sample_2014-02-28.npz,2014-02-28
./dataset_FULL_h180_next30_DOM_1_7_14_21_28/sample_2014-03-01.npz,2014-03-01
./dataset_FULL_h180_next30_DOM_1_7_14_21_28/sample_2014-03-07.npz,2014-03-07
./dataset_FULL_h180_next30_DOM_1_7_14_21_28/sample_2014-03-14.npz,2014-03-14
./dataset_FULL_h180_next30_DOM_1_7_14_21_28/sample_2014-03-21.npz,2014-03-21
./dataset_FULL_h180_next30_DOM_1_7_14_21_28/sample_2014-03-28.npz,2014-03-28
./dataset_FULL_h180_next30_DOM_1_7_14_21_28/sample_2014-04-01.npz,2014-04-01
./dataset_FULL_h180_next30_DOM_1_7_14_21_28/sample_2014-04-07.npz,2014-04-07
./dataset_FULL_h180_next30_DOM_1_7_14_21_28/sample_2014-04-14.npz,2014-04-14
./dataset_FULL_h180_next30_DOM_1_7_14_21_28/sample_2014-04-21.npz,2014-04-21
./dataset_FULL_h180_next30_DOM_1_7_14_21_28/sample_2014-04-28.npz,2014-04-28
./dataset_FULL_h180_next30_DOM_1_7_14_21_28/sample_2014-05-01.npz,2014-05-01
./dataset_FULL_h180_next30_DOM_1_7_14_21_28/sample_2014-05-07.npz,2014-05-07
./dataset_FULL_h180_next30_DOM_1_7_14_21_28/sample_2014-05-14.npz,2014-05-14
./dataset_FULL_h180_next30_DOM_1_7_14_21_28/sample_2014-05-21.npz,2014-05-21
./dataset_FULL_h180_next30_DOM_1_7_14_21_28/sample_2014-05-28.npz,2014-05-28
./dataset_FULL_h180_next30_DOM_1_7_14_21_28/sample_2014-06-01.npz,2014-06-01
./dataset_FULL_h180_next30_DOM_1_7_14_21_28/sample_2014-06-07.npz,2014-06-07
./dataset_FULL_h180_next30_DOM_1_7_14_21_28/sample_2014-06-14.npz,2014-06-14
./dataset_FULL_h180_next30_DOM_1_7_14_21_28/sample_2014-06-21.npz,2014-06-21
./dataset_FULL_h180_next30_DOM_1_7_14_21_28/sample_2014-06-28.npz,2014-06-28
./dataset_FULL_h180_next30_DOM_1_7_14_21_28/sample_2014-07-01.npz,2014-07-01
./dataset_FULL_h180_next30_DOM_1_7_14_21_28/sample_2014-07-07.npz,2014-07-07
./dataset_FULL_h180_next30_DOM_1_7_14_21_28/sample_2014-07-14.npz,2014-07-14
./dataset_FULL_h180_next30_DOM_1_7_14_21_28/sample_2014-07-21.npz,2014-07-21
./dataset_FULL_h180_next30_DOM_1_7_14_21_28/sample_2014-07-28.npz,2014-07-28
./dataset_FULL_h180_next30_DOM_1_7_14_21_28/sample_2014-08-01.npz,2014-08-01
./dataset_FULL_h180_next30_DOM_1_7_14_21_28/sample_2014-08-07.npz,2014-08-07
./dataset_FULL_h180_next30_DOM_1_7_14_21_28/sample_2014-08-14.npz,2014-08-14
./dataset_FULL_h180_next30_DOM_1_7_14_21_28/sample_2014-08-21.npz,2014-08-21
./dataset_FULL_h180_next30_DOM_1_7_14_21_28/sample_2014-08-28.npz,2014-08-28
./dataset_FULL_h180_next30_DOM_1_7_14_21_28/sample_2014-09-01.npz,2014-09-01
./dataset_FULL_h180_next30_DOM_1_7_14_21_28/sample_2014-09-07.npz,2014-09-07
./dataset_FULL_h180_next30_DOM_1_7_14_21_28/sample_2014-09-14.npz,2014-09-14
./dataset_FULL_h180_next30_DOM_1_7_14_21_28/sample_2014-09-21.npz,2014-09-21
./dataset_FULL_h180_next30_DOM_1_7_14_21_28/sample_2014-09-28.npz,2014-09-28
./dataset_FULL_h180_next30_DOM_1_7_14_21_28/sample_2014-10-01.npz,2014-10-01
./dataset_FULL_h180_next30_DOM_1_7_14_21_28/sample_2014-10-07.npz,2014-10-07
./dataset_FULL_h180_next30_DOM_1_7_14_21_28/sample_2014-10-14.npz,2014-10-14
./dataset_FULL_h180_next30_DOM_1_7_14_21_28/sample_2014-10-21.npz,2014-10-21
./dataset_FULL_h180_next30_DOM_1_7_14_21_28/sample_2014-10-28.npz,2014-10-28
./dataset_FULL_h180_next30_DOM_1_7_14_21_28/sample_2014-11-01.npz,2014-11-01
./dataset_FULL_h180_next30_DOM_1_7_14_21_28/sample_2014-11-07.npz,2014-11-07
./dataset_FULL_h180_next30_DOM_1_7_14_21_28/sample_2014-11-14.npz,2014-11-14
./dataset_FULL_h180_next30_DOM_1_7_14_21_28/sample_2014-11-21.npz,2014-11-21
./dataset_FULL_h180_next30_DOM_1_7_14_21_28/sample_2014-11-28.npz,2014-11-28
./dataset_FULL_h180_next30_DOM_1_7_14_21_28/sample_2014-12-01.npz,2014-12-01
./dataset_FULL_h180_next30_DOM_1_7_14_21_28/sample_2014-12-07.npz,2014-12-07
./dataset_FULL_h180_next30_DOM_1_7_14_21_28/sample_2014-12-14.npz,2014-12-14
./dataset_FULL_h180_next30_DOM_1_7_14_21_28/sample_2014-12-21.npz,2014-12-21
./dataset_FULL_h180_next30_DOM_1_7_14_21_28/sample_2014-12-28.npz,2014-12-28
./dataset_FULL_h180_next30_DOM_1_7_14_21_28/sample_2015-01-01.npz,2015-01-01
./dataset_FULL_h180_next30_DOM_1_7_14_21_28/sample_2015-01-07.npz,2015-01-07
./dataset_FULL_h180_next30_DOM_1_7_14_21_28/sample_2015-01-14.npz,2015-01-14
./dataset_FULL_h180_next30_DOM_1_7_14_21_28/sample_2015-01-21.npz,2015-01-21
./dataset_FULL_h180_next30_DOM_1_7_14_21_28/sample_2015-01-28.npz,2015-01-28
./dataset_FULL_h180_next30_DOM_1_7_14_21_28/sample_2015-02-01.npz,2015-02-01
./dataset_FULL_h180_next30_DOM_1_7_14_21_28/sample_2015-02-07.npz,2015-02-07
./dataset_FULL_h180_next30_DOM_1_7_14_21_28/sample_2015-02-14.npz,2015-02-14
./dataset_FULL_h180_next30_DOM_1_7_14_21_28/sample_2015-02-21.npz,2015-02-21
./dataset_FULL_h180_next30_DOM_1_7_14_21_28/sample_2015-02-28.npz,2015-02-28
./dataset_FULL_h180_next30_DOM_1_7_14_21_28/sample_2015-03-01.npz,2015-03-01
./dataset_FULL_h180_next30_DOM_1_7_14_21_28/sample_2015-03-07.npz,2015-03-07
./dataset_FULL_h180_next30_DOM_1_7_14_21_28/sample_2015-03-14.npz,2015-03-14
./dataset_FULL_h180_next30_DOM_1_7_14_21_28/sample_2015-03-21.npz,2015-03-21
./dataset_FULL_h180_next30_DOM_1_7_14_21_28/sample_2015-03-28.npz,2015-03-28
./dataset_FULL_h180_next30_DOM_1_7_14_21_28/sample_2015-04-01.npz,2015-04-01
./dataset_FULL_h180_next30_DOM_1_7_14_21_28/sample_2015-04-07.npz,2015-04-07
./dataset_FULL_h180_next30_DOM_1_7_14_21_28/sample_2015-04-14.npz,2015-04-14
./dataset_FULL_h180_next30_DOM_1_7_14_21_28/sample_2015-04-21.npz,2015-04-21
./dataset_FULL_h180_next30_DOM_1_7_14_21_28/sample_2015-04-28.npz,2015-04-28
./dataset_FULL_h180_next30_DOM_1_7_14_21_28/sample_2015-05-01.npz,2015-05-01
./dataset_FULL_h180_next30_DOM_1_7_14_21_28/sample_2015-05-07.npz,2015-05-07
./dataset_FULL_h180_next30_DOM_1_7_14_21_28/sample_2015-05-14.npz,2015-05-14
./dataset_FULL_h180_next30_DOM_1_7_14_21_28/sample_2015-05-21.npz,2015-05-21
./dataset_FULL_h180_next30_DOM_1_7_14_21_28/sample_2015-05-28.npz,2015-05-28
./dataset_FULL_h180_next30_DOM_1_7_14_21_28/sample_2015-06-01.npz,2015-06-01
./dataset_FULL_h180_next30_DOM_1_7_14_21_28/sample_2015-06-07.npz,2015-06-07
./dataset_FULL_h180_next30_DOM_1_7_14_21_28/sample_2015-06-14.npz,2015-06-14
./dataset_FULL_h180_next30_DOM_1_7_14_21_28/sample_2015-06-21.npz,2015-06-21
./dataset_FULL_h180_next30_DOM_1_7_14_21_28/sample_2015-06-28.npz,2015-06-28
./dataset_FULL_h180_next30_DOM_1_7_14_21_28/sample_2015-07-01.npz,2015-07-01
./dataset_FULL_h180_next30_DOM_1_7_14_21_28/sample_2015-07-07.npz,2015-07-07
./dataset_FULL_h180_next30_DOM_1_7_14_21_28/sample_2015-07-14.npz,2015-07-14
./dataset_FULL_h180_next30_DOM_1_7_14_21_28/sample_2015-07-21.npz,2015-07-21
./dataset_FULL_h180_next30_DOM_1_7_14_21_28/sample_2015-07-28.npz,2015-07-28
./dataset_FULL_h180_next30_DOM_1_7_14_21_28/sample_2015-08-01.npz,2015-08-01
./dataset_FULL_h180_next30_DOM_1_7_14_21_28/sample_2015-08-07.npz,2015-08-07
./dataset_FULL_h180_next30_DOM_1_7_14_21_28/sample_2015-08-14.npz,2015-08-14
./dataset_FULL_h180_next30_DOM_1_7_14_21_28/sample_2015-08-21.npz,2015-08-21
./dataset_FULL_h180_next30_DOM_1_7_14_21_28/sample_2015-08-28.npz,2015-08-28
./dataset_FULL_h180_next30_DOM_1_7_14_21_28/sample_2015-09-01.npz,2015-09-01
./dataset_FULL_h180_next30_DOM_1_7_14_21_28/sample_2015-09-07.npz,2015-09-07
./dataset_FULL_h180_next30_DOM_1_7_14_21_28/sample_2015-09-14.npz,2015-09-14
./dataset_FULL_h180_next30_DOM_1_7_14_21_28/sample_2015-09-21.npz,2015-09-21
./dataset_FULL_h180_next30_DOM_1_7_14_21_28/sample_2015-09-28.npz,2015-09-28
./dataset_FULL_h180_next30_DOM_1_7_14_21_28/sample_2015-10-01.npz,2015-10-01
./dataset_FULL_h180_next30_DOM_1_7_14_21_28/sample_2015-10-07.npz,2015-10-07
./dataset_FULL_h180_next30_DOM_1_7_14_21_28/sample_2015-10-14.npz,2015-10-14
./dataset_FULL_h180_next30_DOM_1_7_14_21_28/sample_2015-10-21.npz,2015-10-21
./dataset_FULL_h180_next30_DOM_1_7_14_21_28/sample_2015-10-28.npz,2015-10-28
./dataset_FULL_h180_next30_DOM_1_7_14_21_28/sample_2015-11-01.npz,2015-11-01
./dataset_FULL_h180_next30_DOM_1_7_14_21_28/sample_2015-11-07.npz,2015-11-07
./dataset_FULL_h180_next30_DOM_1_7_14_21_28/sample_2015-11-14.npz,2015-11-14
./dataset_FULL_h180_next30_DOM_1_7_14_21_28/sample_2015-11-21.npz,2015-11-21
./dataset_FULL_h180_next30_DOM_1_7_14_21_28/sample_2015-11-28.npz,2015-11-28
./dataset_FULL_h180_next30_DOM_1_7_14_21_28/sample_2015-12-01.npz,2015-12-01
./dataset_FULL_h180_next30_DOM_1_7_14_21_28/sample_2015-12-07.npz,2015-12-07
./dataset_FULL_h180_next30_DOM_1_7_14_21_28/sample_2015-12-14.npz,2015-12-14
./dataset_FULL_h180_next30_DOM_1_7_14_21_28/sample_2015-12-21.npz,2015-12-21
./dataset_FULL_h180_next30_DOM_1_7_14_21_28/sample_2015-12-28.npz,2015-12-28
./dataset_FULL_h180_next30_DOM_1_7_14_21_28/sample_2016-01-01.npz,2016-01-01
./dataset_FULL_h180_next30_DOM_1_7_14_21_28/sample_2016-01-07.npz,2016-01-07
./dataset_FULL_h180_next30_DOM_1_7_14_21_28/sample_2016-01-14.npz,2016-01-14
./dataset_FULL_h180_next30_DOM_1_7_14_21_28/sample_2016-01-21.npz,2016-01-21
./dataset_FULL_h180_next30_DOM_1_7_14_21_28/sample_2016-01-28.npz,2016-01-28
./dataset_FULL_h180_next30_DOM_1_7_14_21_28/sample_2016-02-01.npz,2016-02-01
./dataset_FULL_h180_next30_DOM_1_7_14_21_28/sample_2016-02-07.npz,2016-02-07
./dataset_FULL_h180_next30_DOM_1_7_14_21_28/sample_2016-02-14.npz,2016-02-14
./dataset_FULL_h180_next30_DOM_1_7_14_21_28/sample_2016-02-21.npz,2016-02-21
./dataset_FULL_h180_next30_DOM_1_7_14_21_28/sample_2016-02-28.npz,2016-02-28
./dataset_FULL_h180_next30_DOM_1_7_14_21_28/sample_2016-03-01.npz,2016-03-01
./dataset_FULL_h180_next30_DOM_1_7_14_21_28/sample_2016-03-07.npz,2016-03-07
./dataset_FULL_h180_next30_DOM_1_7_14_21_28/sample_2016-03-14.npz,2016-03-14
./dataset_FULL_h180_next30_DOM_1_7_14_21_28/sample_2016-03-21.npz,2016-03-21
./dataset_FULL_h180_next30_DOM_1_7_14_21_28/sample_2016-03-28.npz,2016-03-28
./dataset_FULL_h180_next30_DOM_1_7_14_21_28/sample_2016-04-01.npz,2016-04-01
./dataset_FULL_h180_next30_DOM_1_7_14_21_28/sample_2016-04-07.npz,2016-04-07
./dataset_FULL_h180_next30_DOM_1_7_14_21_28/sample_2016-04-14.npz,2016-04-14
./dataset_FULL_h180_next30_DOM_1_7_14_21_28/sample_2016-04-21.npz,2016-04-21
./dataset_FULL_h180_next30_DOM_1_7_14_21_28/sample_2016-04-28.npz,2016-04-28
./dataset_FULL_h180_next30_DOM_1_7_14_21_28/sample_2016-05-01.npz,2016-05-01
./dataset_FULL_h180_next30_DOM_1_7_14_21_28/sample_2016-05-07.npz,2016-05-07
./dataset_FULL_h180_next30_DOM_1_7_14_21_28/sample_2016-05-14.npz,2016-05-14
./dataset_FULL_h180_next30_DOM_1_7_14_21_28/sample_2016-05-21.npz,2016-05-21
./dataset_FULL_h180_next30_DOM_1_7_14_21_28/sample_2016-05-28.npz,2016-05-28
./dataset_FULL_h180_next30_DOM_1_7_14_21_28/sample_2016-06-01.npz,2016-06-01
./dataset_FULL_h180_next30_DOM_1_7_14_21_28/sample_2016-06-07.npz,2016-06-07
./dataset_FULL_h180_next30_DOM_1_7_14_21_28/sample_2016-06-14.npz,2016-06-14
./dataset_FULL_h180_next30_DOM_1_7_14_21_28/sample_2016-06-21.npz,2016-06-21
./dataset_FULL_h180_next30_DOM_1_7_14_21_28/sample_2016-06-28.npz,2016-06-28
./dataset_FULL_h180_next30_DOM_1_7_14_21_28/sample_2016-07-01.npz,2016-07-01
./dataset_FULL_h180_next30_DOM_1_7_14_21_28/sample_2016-07-07.npz,2016-07-07
./dataset_FULL_h180_next30_DOM_1_7_14_21_28/sample_2016-07-14.npz,2016-07-14
./dataset_FULL_h180_next30_DOM_1_7_14_21_28/sample_2016-07-21.npz,2016-07-21
./dataset_FULL_h180_next30_DOM_1_7_14_21_28/sample_2016-07-28.npz,2016-07-28
./dataset_FULL_h180_next30_DOM_1_7_14_21_28/sample_2016-08-01.npz,2016-08-01
./dataset_FULL_h180_next30_DOM_1_7_14_21_28/sample_2016-08-07.npz,2016-08-07
./dataset_FULL_h180_next30_DOM_1_7_14_21_28/sample_2016-08-14.npz,2016-08-14
./dataset_FULL_h180_next30_DOM_1_7_14_21_28/sample_2016-08-21.npz,2016-08-21
./dataset_FULL_h180_next30_DOM_1_7_14_21_28/sample_2016-08-28.npz,2016-08-28
./dataset_FULL_h180_next30_DOM_1_7_14_21_28/sample_2016-09-01.npz,2016-09-01
./dataset_FULL_h180_next30_DOM_1_7_14_21_28/sample_2016-09-07.npz,2016-09-07
./dataset_FULL_h180_next30_DOM_1_7_14_21_28/sample_2016-09-14.npz,2016-09-14
./dataset_FULL_h180_next30_DOM_1_7_14_21_28/sample_2016-09-21.npz,2016-09-21
./dataset_FULL_h180_next30_DOM_1_7_14_21_28/sample_2016-09-28.npz,2016-09-28
./dataset_FULL_h180_next30_DOM_1_7_14_21_28/sample_2016-10-01.npz,2016-10-01
./dataset_FULL_h180_next30_DOM_1_7_14_21_28/sample_2016-10-07.npz,2016-10-07
./dataset_FULL_h180_next30_DOM_1_7_14_21_28/sample_2016-10-14.npz,2016-10-14
./dataset_FULL_h180_next30_DOM_1_7_14_21_28/sample_2016-10-21.npz,2016-10-21
./dataset_FULL_h180_next30_DOM_1_7_14_21_28/sample_2016-10-28.npz,2016-10-28
./dataset_FULL_h180_next30_DOM_1_7_14_21_28/sample_2016-11-01.npz,2016-11-01
./dataset_FULL_h180_next30_DOM_1_7_14_21_28/sample_2016-11-07.npz,2016-11-07
./dataset_FULL_h180_next30_DOM_1_7_14_21_28/sample_2016-11-14.npz,2016-11-14
./dataset_FULL_h180_next30_DOM_1_7_14_21_28/sample_2016-11-21.npz,2016-11-21
./dataset_FULL_h180_next30_DOM_1_7_14_21_28/sample_2016-11-28.npz,2016-11-28
./dataset_FULL_h180_next30_DOM_1_7_14_21_28/sample_2016-12-01.npz,2016-12-01
./dataset_FULL_h180_next30_DOM_1_7_14_21_28/sample_2016-12-07.npz,2016-12-07
./dataset_FULL_h180_next30_DOM_1_7_14_21_28/sample_2016-12-14.npz,2016-12-14
./dataset_FULL_h180_next30_DOM_1_7_14_21_28/sample_2016-12-21.npz,2016-12-21
./dataset_FULL_h180_next30_DOM_1_7_14_21_28/sample_2016-12-28.npz,2016-12-28
./dataset_FULL_h180_next30_DOM_1_7_14_21_28/sample_2017-01-01.npz,2017-01-01
./dataset_FULL_h180_next30_DOM_1_7_14_21_28/sample_2017-01-07.npz,2017-01-07
./dataset_FULL_h180_next30_DOM_1_7_14_21_28/sample_2017-01-14.npz,2017-01-14
./dataset_FULL_h180_next30_DOM_1_7_14_21_28/sample_2017-01-21.npz,2017-01-21
./dataset_FULL_h180_next30_DOM_1_7_14_21_28/sample_2017-01-28.npz,2017-01-28
./dataset_FULL_h180_next30_DOM_1_7_14_21_28/sample_2017-02-01.npz,2017-02-01
./dataset_FULL_h180_next30_DOM_1_7_14_21_28/sample_2017-02-07.npz,2017-02-07
./dataset_FULL_h180_next30_DOM_1_7_14_21_28/sample_2017-02-14.npz,2017-02-14
./dataset_FULL_h180_next30_DOM_1_7_14_21_28/sample_2017-02-21.npz,2017-02-21
./dataset_FULL_h180_next30_DOM_1_7_14_21_28/sample_2017-02-28.npz,2017-02-28
./dataset_FULL_h180_next30_DOM_1_7_14_21_28/sample_2017-03-01.npz,2017-03-01
./dataset_FULL_h180_next30_DOM_1_7_14_21_28/sample_2017-03-07.npz,2017-03-07
./dataset_FULL_h180_next30_DOM_1_7_14_21_28/sample_2017-03-14.npz,2017-03-14
./dataset_FULL_h180_next30_DOM_1_7_14_21_28/sample_2017-03-21.npz,2017-03-21
./dataset_FULL_h180_next30_DOM_1_7_14_21_28/sample_2017-03-28.npz,2017-03-28
./dataset_FULL_h180_next30_DOM_1_7_14_21_28/sample_2017-04-01.npz,2017-04-01
./dataset_FULL_h180_next30_DOM_1_7_14_21_28/sample_2017-04-07.npz,2017-04-07
./dataset_FULL_h180_next30_DOM_1_7_14_21_28/sample_2017-04-14.npz,2017-04-14
./dataset_FULL_h180_next30_DOM_1_7_14_21_28/sample_2017-04-21.npz,2017-04-21
./dataset_FULL_h180_next30_DOM_1_7_14_21_28/sample_2017-04-28.npz,2017-04-28
./dataset_FULL_h180_next30_DOM_1_7_14_21_28/sample_2017-05-01.npz,2017-05-01
./dataset_FULL_h180_next30_DOM_1_7_14_21_28/sample_2017-05-07.npz,2017-05-07
./dataset_FULL_h180_next30_DOM_1_7_14_21_28/sample_2017-05-14.npz,2017-05-14
./dataset_FULL_h180_next30_DOM_1_7_14_21_28/sample_2017-05-21.npz,2017-05-21
./dataset_FULL_h180_next30_DOM_1_7_14_21_28/sample_2017-05-28.npz,2017-05-28
./dataset_FULL_h180_next30_DOM_1_7_14_21_28/sample_2017-06-01.npz,2017-06-01
./dataset_FULL_h180_next30_DOM_1_7_14_21_28/sample_2017-06-07.npz,2017-06-07
./dataset_FULL_h180_next30_DOM_1_7_14_21_28/sample_2017-06-14.npz,2017-06-14
./dataset_FULL_h180_next30_DOM_1_7_14_21_28/sample_2017-06-21.npz,2017-06-21
./dataset_FULL_h180_next30_DOM_1_7_14_21_28/sample_2017-06-28.npz,2017-06-28
./dataset_FULL_h180_next30_DOM_1_7_14_21_28/sample_2017-07-01.npz,2017-07-01
./dataset_FULL_h180_next30_DOM_1_7_14_21_28/sample_2017-07-07.npz,2017-07-07
./dataset_FULL_h180_next30_DOM_1_7_14_21_28/sample_2017-07-14.npz,2017-07-14
./dataset_FULL_h180_next30_DOM_1_7_14_21_28/sample_2017-07-21.npz,2017-07-21
./dataset_FULL_h180_next30_DOM_1_7_14_21_28/sample_2017-07-28.npz,2017-07-28
./dataset_FULL_h180_next30_DOM_1_7_14_21_28/sample_2017-08-01.npz,2017-08-01
./dataset_FULL_h180_next30_DOM_1_7_14_21_28/sample_2017-08-07.npz,2017-08-07
./dataset_FULL_h180_next30_DOM_1_7_14_21_28/sample_2017-08-14.npz,2017-08-14
./dataset_FULL_h180_next30_DOM_1_7_14_21_28/sample_2017-08-21.npz,2017-08-21
./dataset_FULL_h180_next30_DOM_1_7_14_21_28/sample_2017-08-28.npz,2017-08-28
./dataset_FULL_h180_next30_DOM_1_7_14_21_28/sample_2017-09-01.npz,2017-09-01
./dataset_FULL_h180_next30_DOM_1_7_14_21_28/sample_2017-09-07.npz,2017-09-07
./dataset_FULL_h180_next30_DOM_1_7_14_21_28/sample_2017-09-14.npz,2017-09-14
./dataset_FULL_h180_next30_DOM_1_7_14_21_28/sample_2017-09-21.npz,2017-09-21
./dataset_FULL_h180_next30_DOM_1_7_14_21_28/sample_2017-09-28.npz,2017-09-28
./dataset_FULL_h180_next30_DOM_1_7_14_21_28/sample_2017-10-01.npz,2017-10-01
./dataset_FULL_h180_next30_DOM_1_7_14_21_28/sample_2017-10-07.npz,2017-10-07
./dataset_FULL_h180_next30_DOM_1_7_14_21_28/sample_2017-10-14.npz,2017-10-14
./dataset_FULL_h180_next30_DOM_1_7_14_21_28/sample_2017-10-21.npz,2017-10-21
./dataset_FULL_h180_next30_DOM_1_7_14_21_28/sample_2017-10-28.npz,2017-10-28
./dataset_FULL_h180_next30_DOM_1_7_14_21_28/sample_2017-11-01.npz,2017-11-01
./dataset_FULL_h180_next30_DOM_1_7_14_21_28/sample_2017-11-07.npz,2017-11-07
./dataset_FULL_h180_next30_DOM_1_7_14_21_28/sample_2017-11-14.npz,2017-11-14
./dataset_FULL_h180_next30_DOM_1_7_14_21_28/sample_2017-11-21.npz,2017-11-21
./dataset_FULL_h180_next30_DOM_1_7_14_21_28/sample_2017-11-28.npz,2017-11-28
./dataset_FULL_h180_next30_DOM_1_7_14_21_28/sample_2017-12-01.npz,2017-12-01
./dataset_FULL_h180_next30_DOM_1_7_14_21_28/sample_2017-12-07.npz,2017-12-07
./dataset_FULL_h180_next30_DOM_1_7_14_21_28/sample_2017-12-14.npz,2017-12-14
./dataset_FULL_h180_next30_DOM_1_7_14_21_28/sample_2017-12-21.npz,2017-12-21
./dataset_FULL_h180_next30_DOM_1_7_14_21_28/sample_2017-12-28.npz,2017-12-28
./dataset_FULL_h180_next30_DOM_1_7_14_21_28/sample_2018-01-01.npz,2018-01-01
./dataset_FULL_h180_next30_DOM_1_7_14_21_28/sample_2018-01-07.npz,2018-01-07
./dataset_FULL_h180_next30_DOM_1_7_14_21_28/sample_2018-01-14.npz,2018-01-14
./dataset_FULL_h180_next30_DOM_1_7_14_21_28/sample_2018-01-21.npz,2018-01-21
./dataset_FULL_h180_next30_DOM_1_7_14_21_28/sample_2018-01-28.npz,2018-01-28
./dataset_FULL_h180_next30_DOM_1_7_14_21_28/sample_2018-02-01.npz,2018-02-01
./dataset_FULL_h180_next30_DOM_1_7_14_21_28/sample_2018-02-07.npz,2018-02-07
./dataset_FULL_h180_next30_DOM_1_7_14_21_28/sample_2018-02-14.npz,2018-02-14
./dataset_FULL_h180_next30_DOM_1_7_14_21_28/sample_2018-02-21.npz,2018-02-21
./dataset_FULL_h180_next30_DOM_1_7_14_21_28/sample_2018-02-28.npz,2018-02-28
./dataset_FULL_h180_next30_DOM_1_7_14_21_28/sample_2018-03-01.npz,2018-03-01
./dataset_FULL_h180_next30_DOM_1_7_14_21_28/sample_2018-03-07.npz,2018-03-07
./dataset_FULL_h180_next30_DOM_1_7_14_21_28/sample_2018-03-14.npz,2018-03-14
./dataset_FULL_h180_next30_DOM_1_7_14_21_28/sample_2018-03-21.npz,2018-03-21
./dataset_FULL_h180_next30_DOM_1_7_14_21_28/sample_2018-03-28.npz,2018-03-28
./dataset_FULL_h180_next30_DOM_1_7_14_21_28/sample_2018-04-01.npz,2018-04-01
./dataset_FULL_h180_next30_DOM_1_7_14_21_28/sample_2018-04-07.npz,2018-04-07
./dataset_FULL_h180_next30_DOM_1_7_14_21_28/sample_2018-04-14.npz,2018-04-14
./dataset_FULL_h180_next30_DOM_1_7_14_21_28/sample_2018-04-21.npz,2018-04-21
./dataset_FULL_h180_next30_DOM_1_7_14_21_28/sample_2018-04-28.npz,2018-04-28
./dataset_FULL_h180_next30_DOM_1_7_14_21_28/sample_2018-05-01.npz,2018-05-01
./dataset_FULL_h180_next30_DOM_1_7_14_21_28/sample_2018-05-07.npz,2018-05-07
./dataset_FULL_h180_next30_DOM_1_7_14_21_28/sample_2018-05-14.npz,2018-05-14
./dataset_FULL_h180_next30_DOM_1_7_14_21_28/sample_2018-05-21.npz,2018-05-21
./dataset_FULL_h180_next30_DOM_1_7_14_21_28/sample_2018-05-28.npz,2018-05-28
./dataset_FULL_h180_next30_DOM_1_7_14_21_28/sample_2018-06-01.npz,2018-06-01
./dataset_FULL_h180_next30_DOM_1_7_14_21_28/sample_2018-06-07.npz,2018-06-07
./dataset_FULL_h180_next30_DOM_1_7_14_21_28/sample_2018-06-14.npz,2018-06-14
./dataset_FULL_h180_next30_DOM_1_7_14_21_28/sample_2018-06-21.npz,2018-06-21
./dataset_FULL_h180_next30_DOM_1_7_14_21_28/sample_2018-06-28.npz,2018-06-28
./dataset_FULL_h180_next30_DOM_1_7_14_21_28/sample_2018-07-01.npz,2018-07-01
./dataset_FULL_h180_next30_DOM_1_7_14_21_28/sample_2018-07-07.npz,2018-07-07
./dataset_FULL_h180_next30_DOM_1_7_14_21_28/sample_2018-07-14.npz,2018-07-14
./dataset_FULL_h180_next30_DOM_1_7_14_21_28/sample_2018-07-21.npz,2018-07-21
./dataset_FULL_h180_next30_DOM_1_7_14_21_28/sample_2018-07-28.npz,2018-07-28
./dataset_FULL_h180_next30_DOM_1_7_14_21_28/sample_2018-08-01.npz,2018-08-01
./dataset_FULL_h180_next30_DOM_1_7_14_21_28/sample_2018-08-07.npz,2018-08-07
./dataset_FULL_h180_next30_DOM_1_7_14_21_28/sample_2018-08-14.npz,2018-08-14
./dataset_FULL_h180_next30_DOM_1_7_14_21_28/sample_2018-08-21.npz,2018-08-21
./dataset_FULL_h180_next30_DOM_1_7_14_21_28/sample_2018-08-28.npz,2018-08-28
./dataset_FULL_h180_next30_DOM_1_7_14_21_28/sample_2018-09-01.npz,2018-09-01
./dataset_FULL_h180_next30_DOM_1_7_14_21_28/sample_2018-09-07.npz,2018-09-07
./dataset_FULL_h180_next30_DOM_1_7_14_21_28/sample_2018-09-14.npz,2018-09-14
./dataset_FULL_h180_next30_DOM_1_7_14_21_28/sample_2018-09-21.npz,2018-09-21
./dataset_FULL_h180_next30_DOM_1_7_14_21_28/sample_2018-09-28.npz,2018-09-28
./dataset_FULL_h180_next30_DOM_1_7_14_21_28/sample_2018-10-01.npz,2018-10-01
./dataset_FULL_h180_next30_DOM_1_7_14_21_28/sample_2018-10-07.npz,2018-10-07
./dataset_FULL_h180_next30_DOM_1_7_14_21_28/sample_2018-10-14.npz,2018-10-14
./dataset_FULL_h180_next30_DOM_1_7_14_21_28/sample_2018-10-21.npz,2018-10-21
./dataset_FULL_h180_next30_DOM_1_7_14_21_28/sample_2018-10-28.npz,2018-10-28
./dataset_FULL_h180_next30_DOM_1_7_14_21_28/sample_2018-11-01.npz,2018-11-01
./dataset_FULL_h180_next30_DOM_1_7_14_21_28/sample_2018-11-07.npz,2018-11-07
./dataset_FULL_h180_next30_DOM_1_7_14_21_28/sample_2018-11-14.npz,2018-11-14
./dataset_FULL_h180_next30_DOM_1_7_14_21_28/sample_2018-11-21.npz,2018-11-21
./dataset_FULL_h180_next30_DOM_1_7_14_21_28/sample_2018-11-28.npz,2018-11-28
./dataset_FULL_h180_next30_DOM_1_7_14_21_28/sample_2018-12-01.npz,2018-12-01
./dataset_FULL_h180_next30_DOM_1_7_14_21_28/sample_2018-12-07.npz,2018-12-07
./dataset_FULL_h180_next30_DOM_1_7_14_21_28/sample_2018-12-14.npz,2018-12-14
./dataset_FULL_h180_next30_DOM_1_7_14_21_28/sample_2018-12-21.npz,2018-12-21
./dataset_FULL_h180_next30_DOM_1_7_14_21_28/sample_2018-12-28.npz,2018-12-28
./dataset_FULL_h180_next30_DOM_1_7_14_21_28/sample_2019-01-01.npz,2019-01-01
./dataset_FULL_h180_next30_DOM_1_7_14_21_28/sample_2019-01-07.npz,2019-01-07
./dataset_FULL_h180_next30_DOM_1_7_14_21_28/sample_2019-01-14.npz,2019-01-14
./dataset_FULL_h180_next30_DOM_1_7_14_21_28/sample_2019-01-21.npz,2019-01-21
