split,tag,y_p1,y_p3,y_p7,y_p15
train,2005-07-01,37.466667,36.683334,36.066666,34.066666
train,2005-07-07,37.466667,36.283333,36.083332,34.216667
train,2005-07-14,36.283333,36.099998,35.383335,33.933334
train,2005-07-21,36.833332,36.283333,36.066666,34.216667
train,2005-07-28,36.833332,36.283333,35.716667,34.000000
train,2005-08-01,36.833332,36.133335,34.866665,33.750000
train,2005-08-07,36.833332,35.666668,34.000000,32.900002
train,2005-08-14,36.833332,35.666668,33.916668,32.650002
train,2005-08-21,36.166668,34.000000,33.416668,31.950001
train,2005-08-28,36.166668,34.400002,33.416668,31.866667
train,2005-09-01,36.166668,34.400002,32.116665,31.150000
train,2005-09-07,36.166668,34.400002,31.950001,30.883333
train,2005-09-14,36.166668,34.400002,31.983334,29.916666
train,2005-09-21,35.866665,33.616665,31.066668,28.183332
train,2005-09-28,33.266666,31.166666,28.350000,27.516666
train,2005-10-01,33.266666,31.166666,28.350000,27.383333
train,2005-10-07,31.983334,29.000000,27.833334,26.266666
train,2005-10-14,28.350000,27.483334,26.750000,22.700001
train,2005-10-21,28.233334,27.383333,25.000000,21.750000
train,2005-10-28,27.283333,24.166666,22.216667,21.049999
train,2005-11-01,28.833334,26.700001,22.783333,21.083334
train,2005-11-07,28.833334,28.183332,25.400000,21.666666
train,2005-11-14,28.833334,28.183332,25.400000,23.333334
train,2005-11-21,28.833334,28.183332,25.400000,23.400000
train,2005-11-28,28.833334,28.183332,24.783333,22.266666
train,2005-12-01,28.183332,25.400000,23.916666,19.716667
train,2005-12-07,25.066668,24.283333,23.400000,19.233334
train,2005-12-14,25.066668,21.866667,19.650000,17.350000
train,2005-12-21,22.433332,20.183332,17.883333,14.916667
train,2005-12-28,22.433332,20.183332,19.200001,16.360001
train,2006-01-01,22.433332,20.183332,18.680000,15.033334
train,2006-01-07,19.200001,18.680000,17.299999,15.033334
train,2006-01-14,19.799999,18.783333,18.016666,16.333334
train,2006-01-21,19.799999,19.200001,18.316668,16.416666
train,2006-01-28,24.600000,21.333334,19.666666,17.383333
train,2006-02-01,24.600000,24.283333,20.183332,17.916666
train,2006-02-07,26.150000,24.566668,23.400000,19.799999
train,2006-02-14,26.150000,24.566668,23.716667,20.183332
train,2006-02-21,29.233334,26.150000,24.283333,21.333334
train,2006-02-28,30.816668,27.700001,24.433332,21.016666
train,2006-03-01,30.816668,27.700001,24.433332,21.016666
train,2006-03-07,30.816668,27.700001,24.433332,20.566668
train,2006-03-14,30.816668,28.400000,25.483334,20.816668
train,2006-03-21,34.400002,30.266666,27.700001,22.583334
train,2006-03-28,34.400002,31.283333,28.400000,22.583334
train,2006-04-01,34.400002,32.683334,28.750000,24.500000
train,2006-04-07,34.400002,32.683334,29.500000,26.666666
train,2006-04-14,34.400002,33.633335,30.333334,27.033333
train,2006-04-21,33.799999,31.283333,29.500000,26.933332
train,2006-04-28,35.483334,33.799999,31.200001,27.366667
train,2006-05-01,35.483334,33.799999,31.650000,27.683332
train,2006-05-07,37.450001,35.483334,33.666668,30.433332
train,2006-05-14,37.450001,35.483334,33.666668,30.500000
train,2006-05-21,37.450001,35.483334,33.666668,31.650000
train,2006-05-28,37.450001,35.333332,33.833332,32.283333
train,2006-06-01,37.450001,35.333332,33.833332,32.616665
train,2006-06-07,34.866665,34.416668,33.450001,32.299999
train,2006-06-14,34.900002,34.666668,33.633335,32.299999
train,2006-06-21,34.900002,34.666668,33.633335,32.983334
train,2006-06-28,34.900002,33.766666,33.316666,32.983334
train,2006-07-01,34.900002,33.766666,33.316666,32.950001
train,2006-07-07,35.666668,35.066666,33.566666,33.016666
train,2006-07-14,35.666668,35.066666,33.733334,33.200001
train,2006-07-21,37.166668,36.433334,34.666668,33.483334
train,2006-07-28,37.166668,36.666668,35.666668,33.750000
train,2006-08-01,37.166668,36.666668,35.966667,34.000000
train,2006-08-07,37.166668,36.666668,35.966667,33.483334
train,2006-08-14,37.166668,36.666668,35.966667,33.450001
train,2006-08-21,36.666668,36.316666,35.383335,32.933334
train,2006-08-28,36.316666,35.383335,33.650002,31.633333
train,2006-09-01,38.083332,35.383335,33.099998,31.549999
train,2006-09-07,38.083332,35.383335,33.099998,31.316668
train,2006-09-14,38.083332,35.150002,31.850000,30.866667
train,2006-09-21,38.083332,31.983334,31.299999,28.966667
train,2006-09-28,38.083332,31.983334,31.299999,27.766666
train,2006-10-01,31.983334,31.316668,30.116667,27.450001
train,2006-10-07,31.983334,30.866667,27.700001,25.733334
train,2006-10-14,30.116667,27.450001,26.049999,24.549999
train,2006-10-21,27.666666,26.049999,24.850000,21.433332
train,2006-10-28,27.666666,24.850000,21.766666,20.483334
train,2006-11-01,27.666666,24.549999,21.450001,20.433332
train,2006-11-07,21.766666,21.450001,20.716667,20.183332
train,2006-11-14,21.766666,21.450001,20.483334,19.733334
train,2006-11-21,21.666666,21.250000,20.350000,18.516666
train,2006-11-28,21.450001,20.350000,18.716667,17.600000
train,2006-12-01,20.350000,18.983334,18.283333,17.416666
train,2006-12-07,20.350000,18.516666,17.600000,15.271428
train,2006-12-14,18.716667,17.950001,16.183332,14.142858
train,2006-12-21,17.416666,16.683332,15.766666,14.142858
train,2006-12-28,20.942858,18.442858,16.100000,14.350000
train,2007-01-01,21.014286,19.971428,16.683332,14.671429
train,2007-01-07,21.014286,19.971428,16.683332,14.671429
train,2007-01-14,21.014286,19.971428,18.100000,15.742857
train,2007-01-21,21.014286,19.971428,18.442858,15.771428
train,2007-01-28,23.542856,21.928572,19.914286,16.657143
train,2007-02-01,23.542856,21.928572,19.914286,16.971428
train,2007-02-07,23.542856,21.928572,20.157143,18.100000
train,2007-02-14,28.299999,23.542856,20.542856,19.257143
train,2007-02-21,28.299999,23.957144,21.928572,19.257143
train,2007-02-28,28.299999,27.657143,21.942858,19.157143
train,2007-03-01,28.299999,27.657143,22.342857,19.157143
train,2007-03-07,29.042856,28.028572,23.957144,19.157143
train,2007-03-14,32.771427,29.042856,23.957144,19.742857
train,2007-03-21,32.771427,29.299999,27.657143,22.057142
train,2007-03-28,32.771427,30.028572,28.128571,22.414286
train,2007-04-01,32.771427,30.028572,28.185715,23.514286
train,2007-04-07,35.814285,32.842857,29.714285,26.085714
train,2007-04-14,37.657143,35.814285,31.200001,28.128571
train,2007-04-21,37.657143,35.814285,32.733334,29.242857
train,2007-04-28,37.657143,35.814285,32.842857,29.557142
train,2007-05-01,37.657143,36.700001,33.557144,29.728571
train,2007-05-07,37.657143,36.700001,32.733334,29.557142
train,2007-05-14,39.728573,36.457142,31.957144,29.557142
train,2007-05-21,39.728573,36.457142,31.957144,29.928572
train,2007-05-28,39.728573,37.042858,36.457142,30.814285
train,2007-06-01,39.728573,37.742859,36.671429,32.228573
train,2007-06-07,39.728573,37.742859,36.671429,32.057144
train,2007-06-14,38.000000,37.328571,36.571430,33.485714
train,2007-06-21,38.000000,37.328571,36.571430,33.628571
train,2007-06-28,39.314285,37.742859,35.671429,33.628571
train,2007-07-01,39.314285,38.642857,35.671429,33.628571
train,2007-07-07,39.314285,38.642857,35.671429,33.985714
train,2007-07-14,39.314285,38.642857,35.671429,33.628571
train,2007-07-21,39.314285,38.642857,35.171429,33.457142
train,2007-07-28,38.642857,36.742859,35.628571,33.457142
train,2007-08-01,37.842857,36.400002,34.971428,33.271427
train,2007-08-07,37.842857,36.400002,34.971428,33.557144
train,2007-08-14,37.842857,36.400002,34.971428,33.242859
train,2007-08-21,37.842857,36.400002,34.971428,32.442856
train,2007-08-28,35.028572,34.099998,32.700001,30.514286
train,2007-09-01,34.483334,33.883335,31.628571,30.157143
train,2007-09-07,31.757143,31.628571,30.814285,29.985714
train,2007-09-14,31.728571,31.299999,30.514286,29.728571
train,2007-09-21,31.728571,31.142857,30.228571,29.128571
train,2007-09-28,33.500000,31.200001,30.228571,29.128571
train,2007-10-01,33.500000,31.200001,30.228571,28.714285
train,2007-10-07,33.500000,30.314285,29.914286,28.142857
train,2007-10-14,33.500000,31.200001,29.514286,27.228571
train,2007-10-21,33.500000,31.200001,28.714285,25.828571
train,2007-10-28,32.142857,28.714285,26.528572,24.042856
train,2007-11-01,32.142857,28.714285,24.814285,22.357143
train,2007-11-07,24.814285,24.285715,23.942858,21.342857
train,2007-11-14,24.314285,24.214285,22.871429,19.585714
train,2007-11-21,23.942858,21.942858,20.685715,18.700001
train,2007-11-28,23.942858,21.942858,19.957144,17.385714
train,2007-12-01,22.871429,20.685715,18.814285,17.057142
train,2007-12-07,20.685715,19.528572,17.942858,16.714285
train,2007-12-14,18.857143,18.085714,16.828571,15.614285
train,2007-12-21,18.857143,18.085714,16.142857,14.800000
train,2007-12-28,18.857143,16.885714,15.614285,14.242857
train,2008-01-01,18.085714,15.685715,14.828571,13.814285
train,2008-01-07,18.183332,15.371428,14.757143,13.457143
train,2008-01-14,20.100000,18.700001,16.433332,14.285714
train,2008-01-21,20.100000,18.700001,16.600000,14.557143
train,2008-01-28,20.171429,19.633333,18.085714,15.285714
train,2008-02-01,21.142857,20.100000,18.650000,16.214285
train,2008-02-07,28.114286,24.957144,20.100000,17.242857
train,2008-02-14,30.371429,28.114286,21.142857,17.842857
train,2008-02-21,31.442858,30.000000,25.914286,20.171429
train,2008-02-28,35.871429,33.528572,30.000000,24.557142
train,2008-03-01,35.871429,33.528572,30.000000,24.957144
train,2008-03-07,35.871429,33.528572,30.000000,25.314285
train,2008-03-14,35.871429,33.528572,28.685715,25.314285
train,2008-03-21,35.871429,35.114285,31.928572,25.842857
train,2008-03-28,39.271427,35.299999,32.142857,27.314285
train,2008-04-01,39.271427,35.299999,32.142857,27.314285
train,2008-04-07,39.271427,35.299999,32.142857,27.314285
train,2008-04-14,39.271427,35.299999,33.414288,27.314285
train,2008-04-21,39.271427,35.242859,32.142857,26.728571
train,2008-04-28,33.414288,31.750000,30.299999,26.728571
train,2008-05-01,33.414288,32.000000,31.450001,28.528572
train,2008-05-07,38.414288,33.414288,32.150002,29.600000
train,2008-05-14,38.514286,34.057144,32.314285,30.700001
train,2008-05-21,38.514286,34.057144,33.728573,31.600000
train,2008-05-28,38.514286,36.700001,34.057144,32.685715
train,2008-06-01,38.514286,36.700001,34.114285,33.457142
train,2008-06-07,38.514286,35.185715,34.114285,33.457142
train,2008-06-14,36.700001,36.114285,34.214287,33.799999
train,2008-06-21,36.700001,36.114285,34.485714,33.900002
train,2008-06-28,36.314285,36.114285,34.500000,33.900002
train,2008-07-01,36.314285,36.114285,34.500000,33.799999
train,2008-07-07,36.314285,36.114285,34.628571,33.900002
train,2008-07-14,36.200001,35.000000,34.500000,33.900002
train,2008-07-21,36.200001,35.442856,34.528572,33.757141
train,2008-07-28,35.700001,35.414288,34.528572,33.671429
train,2008-08-01,35.900002,35.442856,34.857143,33.900002
train,2008-08-07,35.900002,35.442856,34.857143,33.671429
train,2008-08-14,35.900002,35.442856,34.857143,33.528572
train,2008-08-21,35.900002,35.357143,34.485714,33.414288
train,2008-08-28,35.900002,34.814285,33.700001,32.514286
train,2008-09-01,34.814285,34.485714,33.542858,31.728571
train,2008-09-07,34.928570,34.657143,33.500000,31.285715
train,2008-09-14,34.928570,34.657143,32.185715,29.842857
train,2008-09-21,34.928570,33.514286,31.214285,28.071428
train,2008-09-28,34.928570,32.957142,29.342857,26.928572
train,2008-10-01,34.928570,32.957142,28.112499,26.014286
train,2008-10-07,33.514286,28.112499,26.962500,25.328571
train,2008-10-14,33.514286,27.562500,25.712500,24.487499
train,2008-10-21,26.400000,25.287500,24.725000,23.712500
train,2008-10-28,26.400000,25.042856,24.487499,23.500000
train,2008-11-01,26.400000,25.042856,24.487499,23.500000
train,2008-11-07,26.400000,25.042856,23.912500,22.262501
train,2008-11-14,26.400000,24.242857,22.914286,21.687500
train,2008-11-21,25.042856,23.642857,22.299999,20.985714
train,2008-11-28,23.642857,22.299999,21.571428,18.600000
train,2008-12-01,23.642857,22.299999,21.571428,18.400000
train,2008-12-07,23.642857,21.557142,19.700001,17.200001
train,2008-12-14,22.142857,21.414286,17.685715,16.100000
train,2008-12-21,21.414286,18.487499,17.487499,15.987500
train,2008-12-28,21.587500,19.900000,18.487499,16.862499
train,2009-01-01,23.225000,21.424999,19.137501,17.487499
train,2009-01-07,24.725000,22.725000,19.862499,18.287500
train,2009-01-14,27.512501,23.225000,21.424999,18.812500
train,2009-01-21,27.512501,24.049999,21.712500,19.475000
train,2009-01-28,27.512501,24.049999,21.712500,18.687500
train,2009-02-01,27.512501,24.049999,21.012501,18.137501
train,2009-02-07,30.628571,27.512501,21.875000,18.275000
train,2009-02-14,30.628571,26.600000,21.250000,18.187500
train,2009-02-21,30.628571,26.600000,21.012501,18.587500
train,2009-02-28,30.628571,26.600000,21.424999,19.112499
train,2009-03-01,30.628571,26.600000,21.424999,19.112499
train,2009-03-07,30.628571,26.600000,22.855556,19.674999
train,2009-03-14,29.877777,28.000000,23.799999,20.837500
train,2009-03-21,32.366665,29.411112,25.787500,21.611111
train,2009-03-28,33.762501,30.799999,28.000000,23.799999
train,2009-04-01,33.762501,30.799999,29.411112,24.644444
train,2009-04-07,35.337502,32.366665,30.475000,24.825001
train,2009-04-14,35.337502,32.366665,30.475000,24.825001
train,2009-04-21,38.122223,35.337502,31.122223,25.549999
train,2009-04-28,38.122223,35.337502,31.122223,27.900000
train,2009-05-01,38.122223,35.337502,31.122223,28.111111
train,2009-05-07,38.122223,35.722221,33.022221,29.455555
train,2009-05-14,38.122223,35.722221,33.233334,31.122223
train,2009-05-21,35.877777,34.044445,33.233334,31.933332
train,2009-05-28,35.877777,34.822224,33.955555,32.900002
train,2009-06-01,38.233334,35.700001,34.044445,33.233334
train,2009-06-07,38.233334,35.700001,34.262501,32.900002
train,2009-06-14,38.233334,36.174999,34.822224,33.855556
train,2009-06-21,38.233334,36.174999,34.788887,33.855556
train,2009-06-28,38.233334,36.174999,35.200001,33.950001
train,2009-07-01,37.537498,35.987499,35.237499,34.262501
train,2009-07-07,36.174999,35.937500,35.200001,34.500000
train,2009-07-14,35.987499,35.237499,34.737499,33.950001
train,2009-07-21,35.987499,35.237499,34.737499,33.849998
train,2009-07-28,35.937500,34.712502,34.387501,33.474998
train,2009-08-01,34.712502,34.512501,34.299999,33.237499
train,2009-08-07,34.712502,34.299999,33.375000,32.637501
train,2009-08-14,36.474998,34.387501,33.375000,32.000000
train,2009-08-21,36.474998,34.299999,32.637501,31.087500
train,2009-08-28,36.474998,32.000000,31.112499,30.750000
train,2009-09-01,36.474998,32.000000,31.100000,30.512501
train,2009-09-07,36.474998,32.637501,31.087500,30.237499
train,2009-09-14,33.099998,31.137501,30.687500,29.987499
train,2009-09-21,36.287498,35.362499,33.099998,30.262501
train,2009-09-28,36.287498,35.362499,33.099998,30.125000
train,2009-10-01,36.287498,35.362499,33.099998,30.125000
train,2009-10-07,36.287498,35.362499,31.337500,29.299999
train,2009-10-14,36.287498,35.362499,31.337500,27.600000
train,2009-10-21,31.337500,30.687500,27.799999,24.375000
train,2009-10-28,30.987499,29.225000,25.162500,22.775000
train,2009-11-01,30.987499,26.562500,23.775000,20.562500
train,2009-11-07,30.987499,26.562500,22.775000,20.212500
train,2009-11-14,22.775000,21.766666,20.462500,19.337500
train,2009-11-21,23.188889,22.588888,21.187500,19.337500
train,2009-11-28,25.400000,22.588888,21.200001,19.133333
train,2009-12-01,25.400000,23.100000,21.455555,19.222221
train,2009-12-07,25.400000,23.188889,21.200001,18.188889
train,2009-12-14,25.400000,25.066668,23.877777,20.011110
train,2009-12-21,25.400000,25.066668,24.075001,20.000000
train,2009-12-28,25.250000,24.312500,23.877777,19.533333
train,2010-01-01,25.250000,24.312500,23.877777,19.966667
train,2010-01-07,25.250000,24.162500,23.371429,18.066668
train,2010-01-14,24.111111,23.237499,20.600000,17.833334
train,2010-01-21,30.162500,28.525000,24.062500,18.311111
train,2010-01-28,30.233334,29.799999,25.799999,20.114286
train,2010-02-01,30.233334,29.799999,25.799999,18.122223
train,2010-02-07,31.044445,30.162500,27.287500,21.312500
train,2010-02-14,35.444443,33.944443,31.044445,27.162500
train,2010-02-21,35.444443,33.944443,31.044445,21.166666
train,2010-02-28,35.444443,33.944443,31.044445,22.244444
train,2010-03-01,35.444443,33.944443,31.044445,22.244444
train,2010-03-07,35.444443,33.944443,31.299999,24.377777
train,2010-03-14,35.444443,33.944443,27.111111,22.244444
train,2010-03-21,35.200001,31.422222,27.111111,24.322222
train,2010-03-28,35.200001,32.633335,28.900000,25.588888
train,2010-04-01,35.200001,33.288887,29.222221,26.255556
train,2010-04-07,35.200001,32.633335,28.900000,26.255556
train,2010-04-14,36.299999,33.820000,31.422222,27.622223
train,2010-04-21,36.790001,35.980000,33.130001,28.350000
train,2010-04-28,36.790001,35.980000,33.680000,29.299999
train,2010-05-01,36.790001,35.980000,33.680000,29.459999
train,2010-05-07,39.430000,36.299999,34.400002,31.969999
train,2010-05-14,39.430000,36.622223,34.400002,31.969999
train,2010-05-21,39.430000,36.244446,34.630001,32.266666
train,2010-05-28,39.970001,37.360001,35.844444,32.266666
train,2010-06-01,39.970001,39.430000,36.244446,33.549999
train,2010-06-07,39.970001,37.360001,35.844444,33.236362
train,2010-06-14,39.970001,37.360001,35.055557,33.549999
train,2010-06-21,39.970001,36.549999,34.572727,33.549999
train,2010-06-28,39.689999,35.563637,34.799999,33.663635
train,2010-07-01,36.036366,35.345455,34.572727,33.663635
train,2010-07-07,37.772728,36.036366,35.345455,34.136364
train,2010-07-14,40.863636,37.772728,35.563637,34.636364
train,2010-07-21,40.863636,38.881817,37.218182,34.799999
train,2010-07-28,40.863636,38.881817,37.772728,35.227272
train,2010-08-01,40.863636,38.881817,37.772728,35.227272
train,2010-08-07,40.036366,38.509090,35.527271,34.599998
train,2010-08-14,40.036366,38.318180,35.381817,33.763638
train,2010-08-21,35.527271,35.227272,34.254547,32.918182
train,2010-08-28,35.136364,34.845455,33.790909,32.918182
train,2010-09-01,36.099998,34.863636,33.972729,32.918182
train,2010-09-07,37.290909,36.099998,34.836365,32.918182
train,2010-09-14,37.290909,36.099998,34.836365,32.254547
train,2010-09-21,39.109093,37.290909,35.549999,33.580002
train,2010-09-28,39.109093,37.290909,35.549999,31.654545
train,2010-10-01,39.109093,37.290909,34.736362,30.670000
train,2010-10-07,39.109093,36.849998,33.400002,29.040001
train,2010-10-14,39.109093,36.849998,33.400002,28.854546
train,2010-10-21,34.372726,31.227272,29.472727,27.663637
train,2010-10-28,34.372726,30.618181,29.036364,27.227272
train,2010-11-01,31.227272,29.627274,28.854546,27.518183
train,2010-11-07,31.227272,29.472727,28.009090,26.945454
train,2010-11-14,31.227272,28.799999,27.518183,25.618181
train,2010-11-21,27.563637,27.045454,26.072727,23.218182
train,2010-11-28,27.563637,27.045454,25.618181,20.990910
train,2010-12-01,27.045454,26.072727,23.272728,20.209091
train,2010-12-07,23.954546,22.318182,21.236364,19.609091
train,2010-12-14,23.954546,22.318182,20.509090,18.054546
train,2010-12-21,23.954546,21.454546,19.690908,17.272728
train,2010-12-28,23.954546,18.845455,17.963636,16.827272
train,2011-01-01,22.409090,20.081818,18.118181,17.227272
train,2011-01-07,22.409090,20.081818,18.190908,16.745455
train,2011-01-14,22.409090,20.081818,18.118181,16.536364
train,2011-01-21,24.945454,22.272728,19.136364,17.272728
train,2011-01-28,24.945454,23.081818,20.145454,17.381819
train,2011-02-01,24.945454,23.081818,20.036364,17.400000
train,2011-02-07,25.318182,24.254545,22.272728,18.636364
train,2011-02-14,25.318182,24.254545,22.427273,18.727272
train,2011-02-21,27.690908,26.018183,24.072727,20.145454
train,2011-02-28,27.690908,26.018183,23.709091,20.036364
train,2011-03-01,27.690908,26.018183,24.072727,21.136364
train,2011-03-07,32.463634,26.827272,24.645454,21.136364
train,2011-03-14,32.463634,26.827272,25.227272,22.663637
train,2011-03-21,35.536366,32.463634,26.318182,23.600000
train,2011-03-28,35.536366,32.463634,26.318182,24.136364
train,2011-04-01,35.536366,32.463634,27.609091,24.509090
train,2011-04-07,35.590908,34.954544,30.500000,25.200001
train,2011-04-14,35.590908,34.954544,30.500000,25.381819
train,2011-04-21,35.590908,34.372726,28.136364,25.381819
train,2011-04-28,36.981819,34.490910,31.136364,27.463636
train,2011-05-01,36.981819,34.490910,32.536366,28.299999
train,2011-05-07,36.981819,33.236362,30.290909,28.581818
train,2011-05-14,36.981819,34.490910,32.190910,29.954546
train,2011-05-21,36.981819,33.845455,31.436363,29.954546
train,2011-05-28,35.854546,33.654545,32.536366,30.590910
train,2011-06-01,35.854546,33.654545,32.190910,30.590910
train,2011-06-07,35.854546,33.654545,32.554546,31.436363
train,2011-06-14,35.781818,35.290909,33.654545,32.036366
train,2011-06-21,35.781818,35.336365,35.136364,33.054546
train,2011-06-28,38.863636,36.118183,35.336365,34.445454
train,2011-07-01,38.863636,37.190910,35.781818,34.927273
train,2011-07-07,38.863636,37.190910,35.781818,34.981819
train,2011-07-14,38.863636,37.190910,35.500000,34.445454
train,2011-07-21,38.863636,37.190910,34.981819,33.700001
train,2011-07-28,37.627274,34.981819,34.663635,33.663635
train,2011-08-01,34.900002,34.781818,34.099998,33.327274
train,2011-08-07,34.790909,34.536366,33.690910,32.772728
train,2011-08-14,34.790909,34.536366,33.290909,32.618183
train,2011-08-21,34.790909,34.345455,33.290909,32.690910
train,2011-08-28,34.318180,33.190910,32.709091,32.018181
train,2011-09-01,34.318180,33.190910,32.709091,31.900000
train,2011-09-07,34.318180,33.081818,32.690910,31.045454
train,2011-09-14,37.000000,33.218182,32.136364,30.318182
train,2011-09-21,37.000000,32.136364,30.409090,29.063637
train,2011-09-28,37.000000,31.118181,29.663637,27.790909
train,2011-10-01,37.000000,31.118181,28.890909,27.463636
train,2011-10-07,37.000000,31.118181,27.790909,26.209091
train,2011-10-14,29.463636,27.581818,26.672728,24.445454
train,2011-10-21,28.200001,26.490910,24.472727,22.627274
train,2011-10-28,24.809092,23.536364,22.645454,20.799999
train,2011-11-01,24.445454,23.100000,22.354546,19.427273
train,2011-11-07,24.445454,22.900000,21.209091,18.336363
train,2011-11-14,21.772728,19.427273,18.981817,17.945454
train,2011-11-21,24.172728,20.881819,19.136364,17.945454
train,2011-11-28,24.172728,20.881819,18.981817,17.890909
train,2011-12-01,24.172728,20.881819,18.981817,17.890909
train,2011-12-07,24.172728,20.881819,18.090910,17.072727
train,2011-12-14,24.172728,20.881819,17.709091,16.390909
train,2011-12-21,19.227272,17.709091,16.481817,15.363636
train,2011-12-28,20.263636,17.290909,16.390909,15.272727
train,2012-01-01,20.263636,17.100000,15.781818,14.681818
train,2012-01-07,20.263636,17.709091,15.536364,14.645454
train,2012-01-14,20.263636,18.700001,17.100000,14.645454
train,2012-01-21,23.109091,19.809092,18.518183,14.681818
train,2012-01-28,23.109091,19.809092,18.700001,15.536364
train,2012-02-01,23.109091,20.000000,18.745455,16.436363
train,2012-02-07,23.109091,20.454546,19.509090,16.436363
train,2012-02-14,27.663637,24.436363,20.454546,18.554546
train,2012-02-21,27.663637,24.436363,20.472727,18.581818
train,2012-02-28,27.663637,24.672728,21.690908,19.336363
train,2012-03-01,27.663637,24.672728,21.045454,19.000000
train,2012-03-07,31.536364,26.154545,24.436363,20.472727
train,2012-03-14,33.354546,31.536364,26.154545,20.545454
train,2012-03-21,35.045456,33.127274,28.900000,23.763636
train,2012-03-28,35.045456,33.127274,28.900000,25.900000
train,2012-04-01,35.045456,33.127274,29.545454,26.881819
train,2012-04-07,35.045456,33.127274,31.200001,28.336363
train,2012-04-14,35.045456,31.645454,30.827272,28.709091
train,2012-04-21,33.327274,31.627274,30.827272,28.954546
train,2012-04-28,33.400002,31.645454,31.336363,29.518183
train,2012-05-01,36.163635,33.327274,31.518183,29.618181
train,2012-05-07,36.163635,34.200001,31.627274,30.209091
train,2012-05-14,36.163635,34.872726,33.400002,31.336363
train,2012-05-21,38.654545,36.736362,34.200001,33.336365
train,2012-05-28,38.654545,36.736362,34.872726,33.836365
train,2012-06-01,38.654545,36.736362,34.745453,33.945454
train,2012-06-07,38.654545,36.736362,34.727272,33.863636
train,2012-06-14,38.654545,36.745453,35.009090,34.136364
train,2012-06-21,39.363636,37.945454,36.918182,34.690910
train,2012-06-28,39.363636,37.945454,37.009090,35.009090
train,2012-07-01,39.363636,37.945454,37.009090,35.009090
train,2012-07-07,39.363636,37.990910,37.109093,35.845455
train,2012-07-14,39.363636,37.990910,37.190910,36.090908
train,2012-07-21,39.209091,37.109093,36.345455,35.218182
train,2012-07-28,39.209091,36.909092,36.090908,34.799999
train,2012-08-01,39.209091,36.909092,36.090908,34.763638
train,2012-08-07,37.572727,36.345455,35.218182,34.763638
train,2012-08-14,35.718182,35.118183,34.799999,33.418182
train,2012-08-21,35.090908,34.900002,34.036366,33.000000
train,2012-08-28,35.090908,34.772728,33.281818,32.354546
train,2012-09-01,35.270000,35.018181,33.439999,32.527271
train,2012-09-07,35.270000,33.500000,33.200001,31.500000
train,2012-09-14,35.270000,33.439999,33.009998,30.554546
train,2012-09-21,35.270000,33.439999,32.310001,30.481817
train,2012-09-28,35.270000,33.439999,32.259998,29.920000
train,2012-10-01,34.430000,32.310001,31.389999,29.660000
train,2012-10-07,34.430000,32.250000,30.977777,29.459999
train,2012-10-14,34.430000,32.250000,30.655556,29.150000
train,2012-10-21,30.977777,30.280001,29.155556,27.500000
train,2012-10-28,30.977777,30.280001,29.155556,25.129999
train,2012-11-01,30.977777,30.200001,27.500000,23.200001
train,2012-11-07,27.500000,25.559999,24.469999,22.340000
train,2012-11-14,25.559999,25.129999,24.080000,21.920000
train,2012-11-21,24.709999,24.340000,22.320000,19.570000
train,2012-11-28,24.709999,24.340000,21.010000,18.544445
train,2012-12-01,24.709999,24.340000,19.570000,18.322222
train,2012-12-07,20.966667,19.570000,19.209999,18.120001
train,2012-12-14,20.360001,19.510000,18.969999,17.730000
train,2012-12-21,20.260000,19.510000,18.969999,17.850000
train,2012-12-28,26.160000,21.879999,19.510000,18.090000
train,2013-01-01,26.160000,21.879999,19.040001,17.990000
train,2013-01-07,26.160000,21.879999,20.260000,17.850000
train,2013-01-14,26.160000,21.879999,21.030001,18.590000
train,2013-01-21,26.160000,21.879999,21.030001,18.260000
train,2013-01-28,27.790001,24.450001,21.030001,18.309999
train,2013-02-01,27.790001,24.450001,21.350000,19.330000
train,2013-02-07,29.200001,25.219999,22.280001,19.730000
train,2013-02-14,35.240002,31.700001,27.129999,21.040001
train,2013-02-21,35.240002,31.700001,28.520000,22.900000
train,2013-02-28,35.240002,31.900000,29.200001,22.900000
train,2013-03-01,35.240002,31.900000,29.200001,25.219999
train,2013-03-07,35.240002,32.000000,30.760000,26.459999
train,2013-03-14,35.240002,32.930000,30.760000,25.330000
train,2013-03-21,33.320000,31.900000,27.910000,25.320000
train,2013-03-28,33.320000,31.639999,28.150000,25.280001
train,2013-04-01,34.730000,33.820000,31.410000,25.280001
train,2013-04-07,34.730000,33.820000,33.410000,27.760000
train,2013-04-14,34.730000,33.820000,33.410000,30.510000
train,2013-04-21,34.730000,33.820000,33.560001,31.209999
train,2013-04-28,37.060001,34.730000,33.740002,31.770000
train,2013-05-01,38.330002,35.669998,33.709999,31.770000
train,2013-05-07,39.189999,37.060001,34.599998,31.209999
train,2013-05-14,39.189999,37.680000,35.669998,31.850000
train,2013-05-21,39.189999,37.680000,35.669998,32.230000
train,2013-05-28,39.189999,37.680000,34.930000,33.540001
train,2013-06-01,39.189999,36.220001,34.540001,33.380001
train,2013-06-07,37.680000,35.549999,33.799999,33.090000
train,2013-06-14,35.549999,34.540001,33.740002,33.240002
train,2013-06-21,35.549999,34.540001,33.799999,33.279999
train,2013-06-28,34.340000,34.209999,33.849998,33.090000
train,2013-07-01,34.919998,34.340000,34.070000,33.310001
train,2013-07-07,35.869999,34.830002,34.270000,33.533333
train,2013-07-14,35.869999,34.919998,34.400002,33.959999
train,2013-07-21,35.869999,35.180000,34.700001,34.090000
train,2013-07-28,35.869999,35.180000,34.700001,33.959999
train,2013-08-01,35.869999,35.619999,34.830002,33.910000
train,2013-08-07,35.619999,35.139999,34.410000,33.549999
train,2013-08-14,35.619999,35.139999,34.340000,33.209999
train,2013-08-21,36.160000,35.619999,33.910000,32.930000
train,2013-08-28,36.160000,35.619999,33.840000,32.009998
train,2013-09-01,36.160000,35.520000,32.930000,31.059999
train,2013-09-07,36.160000,35.520000,32.009998,30.549999
train,2013-09-14,36.160000,32.930000,30.690001,29.600000
train,2013-09-21,31.230000,30.549999,29.770000,28.260000
train,2013-09-28,31.230000,30.080000,29.600000,27.570000
train,2013-10-01,31.230000,30.080000,29.290001,27.430000
train,2013-10-07,31.230000,29.879999,28.440001,27.370001
train,2013-10-14,29.879999,28.600000,27.650000,26.620001
train,2013-10-21,29.879999,28.440001,27.370001,25.879999
train,2013-10-28,31.110001,27.650000,26.809999,25.830000
train,2013-11-01,32.360001,27.650000,26.670000,24.940001
train,2013-11-07,32.360001,29.366667,26.620001,24.879999
train,2013-11-14,32.360001,29.366667,25.830000,21.980000
train,2013-11-21,32.360001,29.366667,25.340000,19.139999
train,2013-11-28,29.366667,25.340000,20.230000,17.690001
train,2013-12-01,29.366667,25.340000,19.190001,16.799999
train,2013-12-07,21.100000,19.190001,17.690001,16.129999
train,2013-12-14,21.100000,19.190001,17.209999,16.330000
train,2013-12-21,21.100000,19.780001,18.190001,17.110001
train,2013-12-28,22.690001,21.450001,19.830000,17.440001
train,2014-01-01,22.690001,21.450001,19.830000,17.780001
train,2014-01-07,22.690001,21.450001,20.070000,18.080000
train,2014-01-14,22.690001,21.889999,20.129999,18.590000
train,2014-01-21,24.889999,22.639999,21.090000,19.180000
train,2014-01-28,27.730000,25.330000,21.260000,19.360001
train,2014-02-01,28.139999,26.670000,22.639999,19.360001
train,2014-02-07,29.299999,27.730000,25.650000,21.260000
train,2014-02-14,29.299999,27.730000,25.650000,20.420000
train,2014-02-21,29.299999,27.730000,25.650000,21.900000
train,2014-02-28,29.299999,28.610001,25.650000,23.910000
train,2014-03-01,29.299999,28.610001,25.650000,23.910000
train,2014-03-07,29.299999,28.610001,24.440001,22.400000
train,2014-03-14,32.250000,29.250000,26.219999,23.540001
train,2014-03-21,35.730000,31.030001,29.010000,24.280001
train,2014-03-28,35.730000,34.279999,29.719999,26.879999
train,2014-04-01,35.730000,34.279999,30.650000,28.270000
train,2014-04-07,36.990002,35.619999,32.680000,29.680000
train,2014-04-14,36.990002,35.619999,32.680000,29.520000
train,2014-04-21,36.990002,35.509998,32.639999,28.920000
train,2014-04-28,36.990002,34.930000,32.639999,29.230000
train,2014-05-01,37.240002,35.619999,32.680000,29.230000
train,2014-05-07,38.790001,34.930000,31.730000,29.160000
train,2014-05-14,38.790001,34.930000,31.730000,29.760000
train,2014-05-21,38.790001,34.990002,34.430000,30.540001
train,2014-05-28,38.790001,37.240002,34.220001,31.830000
train,2014-06-01,39.150002,38.790001,34.990002,32.410000
train,2014-06-07,39.150002,37.779999,34.990002,33.099998
train,2014-06-14,39.150002,37.779999,35.970001,34.220001
train,2014-06-21,39.150002,37.779999,35.750000,33.759998
train,2014-06-28,39.150002,37.709999,34.990002,33.810001
train,2014-07-01,37.709999,35.750000,34.529999,33.759998
train,2014-07-07,37.709999,36.180000,34.730000,33.439999
train,2014-07-14,36.180000,35.549999,34.644444,33.439999
train,2014-07-21,36.180000,36.000000,35.009998,34.330002
train,2014-07-28,36.939999,36.180000,35.759998,34.770000
train,2014-08-01,36.939999,36.180000,35.759998,34.644444
train,2014-08-07,36.939999,36.090000,35.549999,34.480000
train,2014-08-14,36.939999,36.090000,34.950001,34.070000
train,2014-08-21,37.310001,36.750000,34.580002,33.090000
train,2014-08-28,37.310001,34.389999,33.630001,31.690001
train,2014-09-01,37.310001,35.410000,32.290001,31.450001
train,2014-09-07,37.310001,34.389999,31.850000,30.520000
train,2014-09-14,37.310001,34.389999,32.240002,30.170000
train,2014-09-21,35.509998,32.830002,31.270000,28.889999
train,2014-09-28,32.830002,32.240002,29.139999,28.049999
train,2014-10-01,32.830002,32.240002,29.139999,28.010000
train,2014-10-07,32.830002,32.240002,28.770000,27.760000
train,2014-10-14,29.120001,28.770000,28.010000,26.160000
train,2014-10-21,29.120001,28.770000,27.830000,24.760000
train,2014-10-28,28.100000,27.040001,25.469999,23.860001
train,2014-11-01,28.100000,25.959999,24.760000,23.170000
train,2014-11-07,28.100000,25.959999,25.240000,23.600000
train,2014-11-14,26.360001,25.272728,24.280001,21.854546
train,2014-11-21,26.360001,25.000000,23.636364,19.750000
train,2014-11-28,26.360001,25.000000,23.636364,19.750000
train,2014-12-01,26.360001,25.000000,23.636364,19.090910
train,2014-12-07,25.000000,23.636364,20.000000,18.663637
train,2014-12-14,20.000000,19.090910,18.981817,17.063637
train,2014-12-21,20.000000,19.063637,17.327272,15.370000
train,2014-12-28,23.454546,22.509090,18.663637,15.370000
train,2015-01-01,23.454546,22.509090,18.390909,15.370000
train,2015-01-07,23.454546,22.609091,21.518183,17.700001
train,2015-01-14,27.109091,23.454546,22.090910,18.390909
train,2015-01-21,27.109091,23.454546,22.090910,18.372726
train,2015-01-28,27.109091,23.309092,21.000000,17.227272
train,2015-02-01,27.109091,25.981817,21.209091,18.254545
train,2015-02-07,27.118181,26.390909,20.309092,17.672728
train,2015-02-14,28.072727,27.118181,23.390909,19.181818
train,2015-02-21,28.072727,27.118181,23.390909,19.454546
train,2015-02-28,30.090910,27.327272,25.927273,20.336363
train,2015-03-01,30.090910,27.327272,25.927273,20.809092
train,2015-03-07,30.090910,27.327272,25.927273,22.400000
train,2015-03-14,35.509090,30.090910,25.927273,22.336363
train,2015-03-21,35.509090,30.090910,26.254545,23.736364
train,2015-03-28,35.509090,31.854546,27.299999,23.909090
train,2015-04-01,36.718182,33.745453,28.545454,24.927273
train,2015-04-07,36.718182,33.745453,28.663637,26.209091
train,2015-04-14,36.718182,32.890907,30.063637,27.072727
train,2015-04-21,38.436363,36.718182,32.890907,28.545454
train,2015-04-28,41.581818,38.245453,35.118183,29.845455
train,2015-05-01,41.581818,38.245453,35.118183,29.709091
train,2015-05-07,41.581818,38.245453,35.118183,29.963636
train,2015-05-14,41.581818,38.436363,36.127274,29.963636
train,2015-05-21,41.581818,38.245453,34.945454,29.963636
train,2015-05-28,39.127274,34.945454,31.963636,29.845455
train,2015-06-01,39.127274,34.945454,32.200001,30.272728
train,2015-06-07,39.127274,35.127274,33.090908,31.345455
train,2015-06-14,36.045456,34.945454,33.227272,31.963636
train,2015-06-21,36.045456,35.009090,34.454544,32.654545
train,2015-06-28,38.981819,36.472729,35.127274,34.272728
train,2015-07-01,38.981819,37.509090,35.336365,34.463634
train,2015-07-07,39.409092,38.981819,37.509090,35.009090
train,2015-07-14,39.454544,39.136364,38.063637,36.390907
train,2015-07-21,40.772728,39.409092,38.200001,36.872726
train,2015-07-28,40.772728,39.409092,38.063637,36.627274
train,2015-08-01,40.772728,39.409092,37.827274,35.927273
train,2015-08-07,40.772728,39.118183,36.627274,34.563637
train,2015-08-14,40.772728,37.809090,36.872726,34.754547
train,2015-08-21,37.754547,36.918182,34.981819,34.263638
train,2015-08-28,37.754547,37.045456,35.909092,34.590908
train,2015-09-01,37.754547,37.045456,35.909092,34.590908
train,2015-09-07,37.754547,37.045456,35.909092,34.354546
train,2015-09-14,37.045456,35.281818,34.590908,32.863636
train,2015-09-21,37.045456,34.681820,33.336365,31.763636
train,2015-09-28,34.099998,32.863636,31.818182,31.427273
train,2015-10-01,34.099998,32.845455,31.781818,30.900000
train,2015-10-07,34.099998,32.072727,31.654545,29.081818
train,2015-10-14,32.345455,31.818182,30.909090,25.736364
train,2015-10-21,31.818182,30.900000,27.336363,23.772728
train,2015-10-28,27.509090,27.318182,25.063637,23.027273
train,2015-11-01,27.509090,27.318182,25.545454,22.972727
train,2015-11-07,27.318182,25.772728,23.690908,22.000000
train,2015-11-14,27.318182,25.772728,23.481817,20.790909
train,2015-11-21,25.772728,25.063637,22.000000,18.436363
train,2015-11-28,25.545454,20.472727,18.463636,17.790909
train,2015-12-01,19.227272,18.736364,18.254545,17.681818
train,2015-12-07,19.227272,18.672728,18.027273,17.263636
train,2015-12-14,21.454546,19.227272,18.018183,17.254545
train,2015-12-21,22.390909,20.581818,18.418182,17.618181
train,2015-12-28,22.390909,20.581818,18.418182,16.663637
train,2016-01-01,22.390909,20.581818,18.172728,16.454546
train,2016-01-07,23.945454,21.490910,18.418182,16.590910
train,2016-01-14,23.945454,21.490910,18.381819,16.145454
train,2016-01-21,29.350000,26.090000,23.409090,16.754545
train,2016-01-28,29.350000,26.090000,23.945454,18.381819
train,2016-02-01,29.350000,26.690001,24.927273,21.000000
train,2016-02-07,29.350000,27.836363,25.381819,22.345455
train,2016-02-14,29.350000,27.981817,26.272728,24.036364
train,2016-02-21,29.127274,27.836363,25.381819,23.372726
train,2016-02-28,30.227272,27.981817,26.290909,23.372726
train,2016-03-01,30.227272,27.981817,26.290909,22.981817
train,2016-03-07,30.563637,29.127274,27.018183,24.218182
train,2016-03-14,33.963634,31.827272,28.309092,25.390909
train,2016-03-21,33.963634,32.772728,30.209091,27.245455
train,2016-03-28,37.881817,34.509090,32.772728,29.663637
train,2016-04-01,37.881817,34.509090,32.772728,29.690908
train,2016-04-07,37.881817,35.427273,33.963634,30.263636
train,2016-04-14,37.881817,35.427273,33.145454,29.963636
train,2016-04-21,41.709091,38.954544,34.509090,30.263636
train,2016-04-28,41.709091,38.954544,35.018181,28.963636
train,2016-05-01,41.709091,38.954544,35.018181,28.963636
train,2016-05-07,41.709091,40.727272,36.818180,29.963636
train,2016-05-14,41.709091,40.727272,37.390907,32.627274
train,2016-05-21,41.445454,39.163635,37.081818,33.409092
train,2016-05-28,41.445454,39.163635,37.718182,36.409092
train,2016-06-01,41.445454,39.163635,37.718182,36.409092
train,2016-06-07,39.290909,38.318180,36.936363,34.745453
train,2016-06-14,39.290909,37.718182,36.736362,35.545456
train,2016-06-21,37.718182,36.745453,36.645454,35.081818
train,2016-06-28,36.736362,36.618183,35.545456,34.536366
train,2016-07-01,36.736362,36.618183,35.545456,34.745453
train,2016-07-07,36.791668,36.681820,36.358334,35.263638
train,2016-07-14,36.791668,36.599998,35.583332,34.918182
train,2016-07-21,36.791668,36.416668,35.375000,34.733334
train,2016-07-28,36.791668,36.416668,35.558334,34.549999
train,2016-08-01,36.791668,36.358334,35.375000,34.241665
train,2016-08-07,35.575001,35.375000,34.308334,33.599998
train,2016-08-14,35.983334,35.558334,34.283333,33.408333
train,2016-08-21,35.983334,35.375000,33.733334,32.924999
train,2016-08-28,37.366665,35.375000,33.216667,32.266666
train,2016-09-01,37.366665,35.375000,33.216667,31.883333
train,2016-09-07,37.366665,35.983334,34.291668,31.741667
train,2016-09-14,37.366665,35.825001,32.974998,31.158333
train,2016-09-21,37.366665,35.825001,32.083332,30.750000
train,2016-09-28,36.325001,33.791668,31.758333,30.083334
train,2016-10-01,36.325001,33.791668,31.758333,29.641666
train,2016-10-07,33.791668,32.083332,30.750000,28.433332
train,2016-10-14,33.325001,31.433332,29.608334,27.616667
train,2016-10-21,31.433332,29.816668,27.783333,26.950001
train,2016-10-28,30.549999,28.725000,27.541666,25.091667
train,2016-11-01,30.549999,27.783333,26.641666,23.666666
train,2016-11-07,30.549999,27.783333,26.641666,22.416666
train,2016-11-14,26.950001,25.525000,22.841667,20.625000
train,2016-11-21,25.791666,22.416666,20.741667,19.100000
train,2016-11-28,22.416666,21.133333,19.700001,16.841667
train,2016-12-01,20.625000,19.891666,19.100000,16.075001
train,2016-12-07,20.625000,19.091667,16.841667,15.333333
train,2016-12-14,19.325001,16.841667,15.866667,15.241667
train,2016-12-21,20.424999,17.549999,16.808332,15.508333
train,2016-12-28,20.424999,19.424999,17.191668,16.025000
train,2017-01-01,20.424999,19.424999,17.191668,16.025000
train,2017-01-07,20.424999,19.424999,17.183332,16.025000
train,2017-01-14,21.558332,20.424999,17.625000,16.808332
train,2017-01-21,21.558332,20.266666,17.541666,15.566667
train,2017-01-28,22.408333,21.558332,17.809092,16.141666
train,2017-02-01,24.975000,22.408333,21.183332,17.191668
train,2017-02-07,24.975000,24.058332,22.091667,18.799999
train,2017-02-14,28.083334,24.975000,22.408333,19.608334
train,2017-02-21,28.083334,25.025000,22.691668,20.666666
train,2017-02-28,28.083334,25.658333,23.924999,21.058332
train,2017-03-01,28.083334,27.116667,23.924999,21.058332
train,2017-03-07,32.566666,27.924999,25.658333,21.866667
train,2017-03-14,32.566666,30.308332,27.116667,22.783333
train,2017-03-21,32.566666,30.308332,27.924999,24.625000
train,2017-03-28,38.275002,32.566666,28.658333,26.741667
train,2017-04-01,38.275002,32.566666,29.941668,27.733334
train,2017-04-07,38.275002,31.600000,29.316668,27.558332
train,2017-04-14,38.375000,37.591667,31.600000,28.458334
train,2017-04-21,38.375000,37.591667,33.941666,29.358334
train,2017-04-28,38.375000,36.008335,33.841667,29.358334
train,2017-05-01,38.375000,36.008335,33.941666,30.108334
train,2017-05-07,38.375000,36.008335,33.941666,32.383335
train,2017-05-14,37.983334,36.008335,34.299999,32.424999
train,2017-05-21,37.983334,36.200001,34.974998,32.466667
train,2017-05-28,37.983334,36.200001,34.974998,32.599998
train,2017-06-01,37.983334,36.200001,35.224998,32.991665
train,2017-06-07,41.108334,38.358334,36.200001,34.700001
train,2017-06-14,41.108334,38.358334,36.416668,35.099998
train,2017-06-21,41.108334,39.441666,37.808334,35.750000
train,2017-06-28,41.108334,39.441666,37.808334,36.066666
train,2017-07-01,41.108334,39.441666,37.808334,36.066666
train,2017-07-07,39.441666,38.174999,36.799999,35.758335
train,2017-07-14,39.441666,38.174999,36.683334,35.708332
train,2017-07-21,37.641666,36.683334,35.958332,35.408333
train,2017-07-28,36.658333,36.133335,35.758335,35.150002
train,2017-08-01,36.474998,35.958332,35.691666,35.049999
train,2017-08-07,36.133335,35.916668,35.174999,34.658333
train,2017-08-14,37.108334,35.916668,35.174999,34.408333
train,2017-08-21,37.108334,35.708332,35.133335,33.549999
train,2017-08-28,37.108334,35.708332,34.525002,32.733334
train,2017-09-01,37.108334,35.708332,34.525002,32.025002
train,2017-09-07,37.108334,35.708332,33.575001,31.658333
train,2017-09-14,35.549999,32.866665,31.958334,29.475000
train,2017-09-21,35.549999,32.025002,30.308332,28.791666
train,2017-09-28,35.549999,31.658333,29.883333,27.941668
train,2017-10-01,35.549999,31.658333,29.883333,27.091667
train,2017-10-07,31.674999,30.299999,28.116667,26.299999
train,2017-10-14,31.674999,30.000000,27.533333,25.650000
train,2017-10-21,30.000000,28.950001,26.750000,25.375000
train,2017-10-28,28.950001,26.975000,25.650000,23.636364
train,2017-11-01,28.950001,26.975000,25.183332,23.158333
train,2017-11-07,28.950001,26.975000,25.725000,23.174999
train,2017-11-14,27.733334,26.666666,25.183332,20.991667
train,2017-11-21,26.408333,25.591667,23.225000,20.375000
train,2017-11-28,26.408333,25.591667,24.900000,20.758333
train,2017-12-01,26.408333,25.591667,24.900000,20.375000
train,2017-12-07,26.033333,25.483334,23.516666,19.266666
train,2017-12-14,25.591667,25.358334,23.366667,18.483334
train,2017-12-21,25.483334,24.766666,19.791666,16.991667
train,2017-12-28,23.366667,19.983334,18.375000,16.733334
train,2018-01-01,23.366667,18.716667,17.308332,16.341667
train,2018-01-07,25.100000,23.366667,18.716667,16.808332
train,2018-01-14,27.775000,25.475000,24.549999,17.158333
train,2018-01-21,27.775000,25.475000,24.549999,18.083334
train,2018-01-28,27.775000,25.475000,24.549999,19.641666
train,2018-02-01,27.775000,25.475000,24.549999,20.850000
train,2018-02-07,33.241665,28.525000,26.375000,21.408333
train,2018-02-14,33.241665,28.525000,25.591667,21.008333
train,2018-02-21,33.241665,31.325001,27.908333,22.866667
train,2018-02-28,35.575001,32.575001,29.758333,26.975000
train,2018-03-01,35.575001,32.575001,29.758333,26.975000
train,2018-03-07,35.575001,32.575001,29.758333,26.975000
train,2018-03-14,35.575001,31.325001,29.741667,27.291666
train,2018-03-21,35.575001,31.799999,29.758333,28.725000
train,2018-03-28,34.808334,31.233334,28.966667,27.508333
train,2018-04-01,34.808334,31.799999,29.100000,27.508333
train,2018-04-07,36.391666,34.808334,31.799999,28.799999
train,2018-04-14,36.391666,35.358334,32.308334,28.725000
train,2018-04-21,40.058334,36.483334,35.358334,28.891666
train,2018-04-28,40.058334,38.408333,35.958332,32.783333
train,2018-05-01,40.058334,38.408333,35.958332,32.783333
train,2018-05-07,40.058334,38.408333,35.466667,31.350000
train,2018-05-14,40.058334,38.408333,35.958332,32.625000
train,2018-05-21,41.441666,36.516666,34.916668,32.908333
train,2018-05-28,41.441666,35.458332,33.916668,32.433334
train,2018-06-01,41.441666,36.150002,34.216667,32.849998
train,2018-06-07,41.441666,36.150002,34.916668,33.400002
train,2018-06-14,41.441666,35.966667,35.383335,33.575001
train,2018-06-21,38.875000,35.825001,35.508335,33.983334
train,2018-06-28,41.481819,35.966667,35.541668,34.833332
train,2018-07-01,41.481819,35.966667,35.541668,34.833332
train,2018-07-07,41.481819,35.966667,35.541668,34.241665
train,2018-07-14,41.481819,35.825001,35.474998,34.408333
train,2018-07-21,41.481819,35.533333,35.000000,33.591667
train,2018-07-28,35.581818,35.174999,34.408333,33.549999
train,2018-08-01,35.581818,35.174999,34.408333,33.549999
train,2018-08-07,36.490910,35.533333,34.683334,33.890907
train,2018-08-14,36.490910,35.145454,34.372726,33.290909
train,2018-08-21,36.490910,35.145454,34.372726,33.218182
train,2018-08-28,36.490910,34.836365,33.927273,31.981817
train,2018-09-01,36.490910,35.145454,34.563637,31.963636
train,2018-09-07,36.381817,34.436363,32.718182,31.736364
train,2018-09-14,36.381817,34.436363,32.683334,31.509090
train,2018-09-21,36.381817,34.436363,32.683334,29.674999
train,2018-09-28,36.381817,34.563637,32.700001,28.808332
train,2018-10-01,34.841667,32.718182,30.533333,28.383333
train,2018-10-07,34.841667,32.541668,28.558332,27.875000
train,2018-10-14,34.841667,32.541668,28.083334,27.316668
train,2018-10-21,34.841667,32.541668,27.808332,24.316668
train,2018-10-28,28.066668,27.316668,25.216667,23.033333
train,2018-11-01,27.808332,25.475000,24.316668,22.625000
train,2018-11-07,25.216667,24.316668,23.299999,22.391666
train,2018-11-14,25.216667,24.150000,22.625000,20.733334
train,2018-11-21,24.150000,22.625000,21.808332,19.058332
train,2018-11-28,24.150000,22.458334,20.183332,18.508333
train,2018-12-01,22.458334,21.116667,19.058332,18.100000
train,2018-12-07,21.158333,19.291666,18.508333,17.716667
train,2018-12-14,21.158333,19.591667,18.383333,17.100000
train,2018-12-21,19.591667,18.049999,17.716667,15.791667
train,2018-12-28,23.566668,19.666666,17.825001,15.925000
train,2019-01-01,23.566668,19.666666,18.375000,16.116667
train,2019-01-07,23.900000,23.150000,19.641666,17.558332
train,2019-01-14,23.900000,23.150000,19.666666,17.816668
train,2019-01-21,23.900000,23.150000,20.316668,17.858334
val,2019-01-28,25.333334,22.716667,20.316668,17.325001
val,2019-02-01,25.333334,22.716667,20.316668,17.008333
val,2019-02-07,25.333334,20.416666,17.983334,16.891666
val,2019-02-14,26.358334,24.041666,19.758333,17.191668
val,2019-02-21,26.358334,24.041666,21.783333,18.674999
val,2019-02-28,26.358334,23.291666,21.875000,18.941668
val,2019-03-01,26.358334,23.291666,21.875000,19.383333
val,2019-03-07,26.358334,23.291666,22.250000,20.533333
val,2019-03-14,28.833334,26.158333,23.200001,21.783333
val,2019-03-21,31.541666,28.091667,24.441668,21.850000
val,2019-03-28,31.541666,28.833334,26.158333,22.150000
val,2019-04-01,33.224998,31.541666,28.833334,23.033333
val,2019-04-07,38.633335,33.433334,31.541666,26.799999
val,2019-04-14,38.633335,34.433334,31.875000,26.799999
val,2019-04-21,38.633335,36.108334,33.750000,29.608334
val,2019-04-28,43.125000,39.041668,36.108334,32.691666
val,2019-05-01,43.125000,39.041668,36.133335,32.775002
val,2019-05-07,43.125000,39.041668,36.216667,34.858334
val,2019-05-14,43.125000,39.041668,36.233334,34.933334
val,2019-05-21,43.125000,39.041668,36.216667,34.291668
val,2019-05-28,38.200001,36.766666,36.075001,34.091667
val,2019-06-01,37.272728,36.216667,35.383335,34.008335
val,2019-06-07,37.272728,36.154545,34.591667,33.474998
val,2019-06-14,37.625000,36.816666,34.808334,34.008335
val,2019-06-21,42.133335,37.272728,35.383335,34.336365
val,2019-06-28,42.133335,36.816666,35.158333,34.336365
val,2019-07-01,42.133335,37.625000,35.508335,34.424999
val,2019-07-07,42.133335,37.625000,36.133335,34.766666
val,2019-07-14,42.133335,36.750000,35.966667,34.633335
val,2019-07-21,38.974998,37.366665,36.191666,34.783333
val,2019-07-28,38.974998,37.366665,36.008335,34.783333
val,2019-08-01,38.974998,37.075001,35.641666,34.450001
val,2019-08-07,38.974998,37.075001,35.633335,34.333332
val,2019-08-14,38.974998,35.641666,34.900002,33.666668
val,2019-08-21,35.633335,35.000000,34.450001,33.641666
val,2019-08-28,34.900002,34.375000,33.750000,32.208332
val,2019-09-01,34.900002,33.974998,33.383335,31.791666
val,2019-09-07,33.974998,33.466667,32.291668,31.172728
val,2019-09-14,33.974998,33.466667,32.183334,31.049999
val,2019-09-21,35.474998,33.466667,31.863636,31.009090
val,2019-09-28,35.474998,32.200001,31.066668,30.590910
val,2019-10-01,35.474998,32.200001,31.066668,30.290909
val,2019-10-07,35.474998,32.200001,30.916666,28.916666
val,2019-10-14,35.474998,30.533333,29.383333,27.816668
val,2019-10-21,30.358334,29.441668,28.816668,26.500000
val,2019-10-28,30.358334,29.441668,28.108334,25.125000
val,2019-11-01,30.358334,29.441668,28.108334,24.483334
val,2019-11-07,30.358334,29.383333,28.075001,22.600000
val,2019-11-14,30.358334,24.200001,22.733334,21.049999
val,2019-11-21,28.075001,23.275000,22.058332,19.808332
val,2019-11-28,22.733334,21.341667,20.491667,19.633333
val,2019-12-01,21.316668,20.500000,20.358334,18.975000
val,2019-12-07,20.558332,20.441668,19.733334,17.841667
val,2019-12-14,20.558332,20.383333,19.033333,16.600000
val,2019-12-21,20.558332,20.383333,18.116667,15.758333
val,2019-12-28,20.491667,18.116667,16.216667,14.627273
val,2020-01-01,20.491667,17.150000,16.083334,14.627273
val,2020-01-07,20.491667,19.316668,16.641666,15.108334
val,2020-01-14,22.033333,19.350000,16.941668,15.391666
val,2020-01-21,22.208334,20.025000,17.625000,15.883333
val,2020-01-28,22.208334,20.025000,19.150000,16.758333
val,2020-02-01,22.208334,22.033333,19.316668,16.950001
val,2020-02-07,27.883333,22.208334,20.025000,17.416666
val,2020-02-14,27.883333,26.700001,22.208334,19.150000
val,2020-02-21,27.883333,26.700001,22.841667,18.333334
val,2020-02-28,27.883333,26.700001,23.858334,21.191668
val,2020-03-01,27.883333,26.700001,24.691668,21.241667
val,2020-03-07,32.083332,29.108334,25.908333,21.758333
val,2020-03-14,32.083332,29.108334,23.858334,21.400000
val,2020-03-21,32.083332,29.433332,26.650000,23.225000
val,2020-03-28,34.341667,30.263636,29.341667,24.158333
val,2020-04-01,34.341667,30.263636,29.341667,24.633333
val,2020-04-07,34.341667,30.016666,29.341667,25.541666
val,2020-04-14,35.083332,34.150002,30.016666,27.275000
val,2020-04-21,41.033333,40.508335,35.083332,29.666666
val,2020-04-28,41.033333,40.525002,37.391666,29.666666
val,2020-05-01,41.033333,40.525002,37.391666,29.666666
val,2020-05-07,41.033333,40.525002,37.391666,31.716667
val,2020-05-14,41.033333,40.525002,37.391666,31.883333
val,2020-05-21,40.525002,36.424999,32.808334,31.325001
val,2020-05-28,36.641666,36.366665,33.875000,31.508333
val,2020-06-01,36.641666,36.366665,34.049999,32.108334
val,2020-06-07,36.641666,36.366665,34.933334,33.191666
val,2020-06-14,36.424999,35.366665,34.325001,33.191666
val,2020-06-21,35.950001,35.658333,34.933334,33.875000
val,2020-06-28,36.500000,35.858334,35.525002,34.400002
val,2020-07-01,37.508335,36.500000,35.658333,34.875000
val,2020-07-07,37.508335,37.033333,35.858334,35.091667
val,2020-07-14,37.508335,37.033333,35.858334,35.250000
val,2020-07-21,37.508335,37.033333,35.783333,35.091667
val,2020-07-28,37.508335,37.033333,35.625000,34.358334
val,2020-08-01,37.125000,35.974998,35.466667,34.208332
val,2020-08-07,42.990910,39.009090,35.799999,34.383335
val,2020-08-14,42.990910,39.009090,36.527271,35.466667
val,2020-08-21,42.990910,39.009090,36.527271,35.681820
val,2020-08-28,42.990910,39.009090,36.527271,35.681820
val,2020-09-01,42.990910,39.009090,36.527271,35.627274
val,2020-09-07,37.209091,36.527271,36.054546,34.736362
val,2020-09-14,38.190910,36.736362,35.681820,34.054546
val,2020-09-21,38.190910,36.736362,34.309090,31.109091
val,2020-09-28,38.190910,36.736362,34.054546,30.950001
val,2020-10-01,38.190910,35.754547,32.041668,30.681818
val,2020-10-07,38.190910,35.754547,31.491667,30.018183
val,2020-10-14,32.825001,31.875000,30.681818,29.327272
val,2020-10-21,32.825001,31.875000,30.000000,25.583334
val,2020-10-28,30.041666,29.866667,26.358334,24.233334
val,2020-11-01,26.575001,26.358334,24.600000,23.658333
val,2020-11-07,26.575001,25.583334,24.345455,21.716667
val,2020-11-14,26.709091,24.600000,23.009090,21.458334
val,2020-11-21,26.709091,24.209091,21.890909,20.416666
val,2020-11-28,26.709091,24.209091,21.254545,19.972727
val,2020-12-01,26.709091,24.209091,20.990910,19.525000
val,2020-12-07,26.709091,24.209091,21.763636,19.972727
val,2020-12-14,26.618181,22.441668,22.174999,20.200001
val,2020-12-21,24.375000,22.441668,22.174999,19.858334
val,2020-12-28,24.375000,22.441668,22.174999,19.525000
val,2021-01-01,24.375000,22.441668,22.174999,18.708334
val,2021-01-07,24.641666,23.950001,22.308332,18.433332
val,2021-01-14,25.250000,24.133333,22.358334,18.258333
val,2021-01-21,25.250000,24.133333,22.666666,19.291666
val,2021-01-28,25.250000,24.133333,22.666666,19.291666
val,2021-02-01,25.250000,24.133333,22.666666,19.291666
val,2021-02-07,25.250000,22.883333,22.191668,19.016666
val,2021-02-14,32.599998,23.941668,22.191668,18.983334
val,2021-02-21,32.599998,30.966667,22.924999,20.041666
val,2021-02-28,35.174999,31.200001,23.941668,19.991667
val,2021-03-01,35.174999,31.200001,23.941668,19.991667
val,2021-03-07,35.174999,31.200001,24.941668,20.583334
val,2021-03-14,35.174999,32.591667,27.299999,21.083334
val,2021-03-21,39.041668,35.174999,31.200001,21.733334
val,2021-03-28,39.041668,34.108334,32.591667,26.258333
val,2021-04-01,39.041668,35.825001,33.516666,28.508333
val,2021-04-07,39.041668,35.974998,34.566666,30.783333
val,2021-04-14,40.724998,38.041668,35.716667,33.241665
val,2021-04-21,40.724998,35.933334,34.566666,31.775000
val,2021-04-28,40.724998,35.933334,34.566666,32.483334
val,2021-05-01,40.724998,35.933334,34.075001,32.424999
val,2021-05-07,40.724998,35.933334,33.500000,30.924999
val,2021-05-14,39.799999,35.008335,33.974998,31.291666
val,2021-05-21,39.799999,35.008335,33.316666,30.741667
val,2021-05-28,39.799999,35.008335,33.316666,31.941668
val,2021-06-01,36.950001,36.650002,34.691666,32.224998
val,2021-06-07,38.108334,36.841667,36.158333,33.000000
test,2021-06-14,38.108334,36.841667,36.158333,34.025002
test,2021-06-21,38.958332,36.950001,36.650002,35.133335
test,2021-06-28,38.958332,36.950001,36.650002,34.791668
test,2021-07-01,38.958332,36.858334,36.016666,34.783333
test,2021-07-07,39.833332,38.958332,36.858334,35.133335
test,2021-07-14,40.091667,39.799999,37.941666,35.266666
test,2021-07-21,40.091667,39.799999,37.549999,35.025002
test,2021-07-28,40.091667,39.799999,37.549999,35.250000
test,2021-08-01,40.091667,39.799999,37.549999,35.266666
test,2021-08-07,40.091667,36.391666,35.549999,34.866665
test,2021-08-14,36.391666,35.941666,35.150002,33.924999
test,2021-08-21,36.391666,35.941666,35.150002,33.858334
test,2021-08-28,36.008335,35.383335,34.133335,32.849998
test,2021-09-01,36.008335,34.366665,33.875000,32.116665
test,2021-09-07,36.008335,34.366665,32.791668,30.333334
test,2021-09-14,34.366665,34.025002,32.566666,30.333334
test,2021-09-21,34.366665,34.025002,30.908333,29.950001
test,2021-09-28,34.025002,30.958334,30.516666,28.658333
test,2021-10-01,34.025002,31.150000,30.841667,28.658333
test,2021-10-07,34.025002,31.799999,30.858334,27.841667
test,2021-10-14,31.808332,30.958334,29.875000,27.141666
test,2021-10-21,31.808332,30.116667,29.458334,26.883333
test,2021-10-28,31.808332,30.116667,29.458334,25.674999
test,2021-11-01,31.808332,30.116667,29.299999,25.641666
test,2021-11-07,31.500000,29.458334,27.141666,23.491667
test,2021-11-14,31.500000,29.091667,25.391666,22.683332
test,2021-11-21,31.500000,29.091667,23.933332,21.291666
test,2021-11-28,31.500000,29.091667,22.100000,19.316668
test,2021-12-01,25.841667,23.933332,21.291666,18.308332
test,2021-12-07,25.841667,23.933332,18.541666,17.141666
test,2021-12-14,21.583334,20.799999,18.466667,16.808332
test,2021-12-21,21.583334,20.433332,18.308332,16.616667
test,2021-12-28,21.583334,20.433332,18.308332,15.875000
test,2022-01-01,21.583334,20.433332,18.091667,15.041667
test,2022-01-07,21.583334,20.433332,18.283333,14.016666
test,2022-01-14,21.125000,18.858334,16.358334,13.516666
test,2022-01-21,21.125000,19.816668,17.900000,15.400000
test,2022-01-28,24.633333,21.125000,18.858334,16.650000
test,2022-02-01,25.116667,21.608334,19.816668,17.900000
test,2022-02-07,27.583334,24.633333,20.716667,18.716667
test,2022-02-14,27.583334,24.633333,20.716667,18.558332
test,2022-02-21,27.583334,24.633333,20.716667,18.000000
test,2022-02-28,27.836363,25.116667,20.716667,17.000000
test,2022-03-01,27.836363,25.116667,21.409090,17.000000
test,2022-03-07,34.318180,32.718182,27.009090,17.872726
test,2022-03-14,35.436363,33.090908,30.390909,21.409090
test,2022-03-21,37.254547,34.991665,30.645454,26.500000
test,2022-03-28,37.254547,34.991665,31.491667,27.641666
test,2022-04-01,37.254547,35.436363,33.090908,28.591667
test,2022-04-07,37.254547,35.641666,31.491667,27.591667
test,2022-04-14,37.254547,35.641666,32.316666,27.866667
test,2022-04-21,38.224998,35.641666,32.316666,28.491667
test,2022-04-28,38.224998,35.641666,32.599998,30.416666
test,2022-05-01,38.224998,35.372726,32.599998,30.666666
test,2022-05-07,38.224998,34.836365,33.625000,31.483334
test,2022-05-14,39.075001,36.500000,34.790909,32.754547
test,2022-05-21,39.075001,36.183334,33.854546,32.583332
test,2022-05-28,39.075001,36.183334,34.666668,32.754547
test,2022-06-01,39.075001,36.183334,33.791668,32.754547
test,2022-06-07,39.075001,36.183334,33.791668,33.116665
test,2022-06-14,34.724998,34.666668,33.750000,33.125000
test,2022-06-21,36.875000,35.450001,33.808334,33.333332
test,2022-06-28,36.875000,35.841667,34.724998,33.450001
test,2022-07-01,37.283333,36.391666,35.450001,33.791668
test,2022-07-07,37.283333,36.391666,36.000000,34.724998
test,2022-07-14,37.283333,36.391666,36.000000,34.858334
test,2022-07-21,37.283333,36.383335,35.908333,34.325001
test,2022-07-28,37.283333,36.741665,36.000000,34.491665
test,2022-08-01,37.883335,37.200001,36.066666,34.716667
test,2022-08-07,37.883335,37.200001,35.474998,34.299999
test,2022-08-14,37.883335,37.200001,35.474998,34.091667
test,2022-08-21,37.883335,37.200001,35.474998,33.750000
test,2022-08-28,37.883335,37.200001,34.650002,33.308334
test,2022-09-01,35.166668,34.716667,34.408333,33.241665
test,2022-09-07,35.166668,34.716667,33.966667,32.750000
test,2022-09-14,35.166668,34.716667,33.583332,31.191668
test,2022-09-21,35.166668,34.716667,33.583332,30.808332
test,2022-09-28,34.716667,33.583332,32.299999,28.433332
test,2022-10-01,34.491665,32.883335,30.808332,27.650000
test,2022-10-07,31.858334,28.783333,28.433332,27.191668
test,2022-10-14,31.858334,28.716667,27.633333,26.441668
test,2022-10-21,29.108334,27.641666,26.709091,25.225000
test,2022-10-28,28.466667,27.633333,25.733334,24.391666
test,2022-11-01,28.008333,25.766666,25.225000,23.975000
test,2022-11-07,28.008333,25.483334,24.258333,22.750000
test,2022-11-14,28.008333,25.250000,23.275000,22.033333
test,2022-11-21,28.008333,23.275000,23.072727,22.033333
test,2022-11-28,23.241667,23.191668,22.636364,21.408333
test,2022-12-01,23.241667,23.191668,22.549999,20.758333
test,2022-12-07,23.241667,23.072727,22.233334,19.341667
test,2022-12-14,23.241667,22.636364,19.908333,17.208334
test,2022-12-21,19.725000,19.341667,17.833334,16.816668
test,2022-12-28,22.058332,20.816668,19.266666,17.216667
test,2023-01-01,25.866667,22.058332,19.725000,17.933332
test,2023-01-07,25.866667,22.058332,19.725000,17.933332
test,2023-01-14,25.866667,22.058332,19.725000,17.833334
test,2023-01-21,25.866667,20.941668,19.641666,15.675000
test,2023-01-28,25.866667,20.125000,18.308332,15.675000
test,2023-02-01,30.475000,26.933332,18.491667,16.958334
test,2023-02-07,33.258335,28.750000,25.150000,18.250000
test,2023-02-14,33.258335,28.750000,26.383333,19.991667
test,2023-02-21,33.258335,28.750000,26.383333,20.508333
test,2023-02-28,33.258335,28.750000,26.799999,22.900000
test,2023-03-01,33.258335,28.750000,26.383333,22.174999
test,2023-03-07,31.716667,27.725000,24.400000,21.233334
test,2023-03-14,34.591667,32.491665,27.725000,21.674999
test,2023-03-21,34.591667,32.833332,31.416666,23.625000
test,2023-03-28,34.591667,32.833332,31.416666,25.358334
test,2023-04-01,34.591667,32.833332,31.416666,25.666666
test,2023-04-07,36.933334,34.450001,32.491665,26.466667
test,2023-04-14,36.933334,34.408333,31.058332,26.416666
test,2023-04-21,37.466667,35.766666,31.533333,26.416666
test,2023-04-28,37.466667,35.766666,33.958332,30.033333
test,2023-05-01,37.466667,35.766666,33.958332,30.525000
test,2023-05-07,41.049999,37.450001,34.133335,30.933332
test,2023-05-14,41.049999,37.450001,34.799999,31.533333
test,2023-05-21,41.049999,37.450001,34.133335,31.408333
test,2023-05-28,41.049999,37.450001,34.058334,31.908333
test,2023-06-01,41.049999,37.450001,34.058334,32.299999
test,2023-06-07,38.299999,35.708332,34.266666,32.875000
test,2023-06-14,38.299999,36.791668,34.266666,33.008335
test,2023-06-21,39.075001,37.866665,37.000000,33.641666
test,2023-06-28,39.533333,38.866665,38.325001,36.791668
test,2023-07-01,39.533333,38.866665,38.441666,36.875000
test,2023-07-07,39.533333,38.866665,38.441666,37.000000
test,2023-07-14,39.533333,38.866665,38.441666,37.066666
test,2023-07-21,39.533333,38.625000,37.783333,36.108334
test,2023-07-28,38.625000,37.566666,36.224998,34.908333
test,2023-08-01,37.783333,37.066666,35.733334,34.833332
test,2023-08-07,37.783333,36.891666,35.391666,34.766666
test,2023-08-14,41.366665,37.525002,35.733334,34.775002
test,2023-08-21,41.366665,37.525002,35.733334,34.033333
test,2023-08-28,41.366665,37.525002,35.474998,33.283333
test,2023-09-01,41.366665,37.525002,35.291668,33.291668
test,2023-09-07,41.366665,36.816666,34.508335,32.741665
test,2023-09-14,35.224998,33.875000,33.224998,31.633333
test,2023-09-21,35.224998,33.875000,32.974998,29.091667
test,2023-09-28,35.224998,35.041668,31.683332,29.091667
test,2023-10-01,35.218182,32.754547,30.799999,28.775000
test,2023-10-07,35.218182,32.754547,30.799999,29.266666
test,2023-10-14,35.218182,32.754547,30.036364,29.318182
test,2023-10-21,35.218182,32.754547,30.363636,29.527273
test,2023-10-28,31.818182,30.363636,29.636364,28.563637
test,2023-11-01,31.818182,29.845455,29.527273,25.027273
test,2023-11-07,30.363636,29.527273,27.600000,24.245455
test,2023-11-14,28.336363,25.690001,24.372726,22.672728
test,2023-11-21,28.336363,25.027273,22.972727,21.572727
test,2023-11-28,28.336363,23.700001,22.409090,20.600000
test,2023-12-01,28.336363,23.700001,22.409090,20.572727
test,2023-12-07,23.700001,22.754545,21.154545,19.816668
test,2023-12-14,24.408333,23.375000,21.191668,19.783333
test,2023-12-21,24.408333,21.466667,20.889999,19.341667
test,2023-12-28,24.408333,23.639999,21.049999,19.083334
test,2024-01-01,24.408333,23.639999,21.049999,18.208334
test,2024-01-07,24.408333,23.639999,20.889999,16.950001
test,2024-01-14,23.820000,22.799999,20.372726,17.100000
test,2024-01-21,23.820000,23.518183,19.418182,16.445454
test,2024-01-28,23.518183,21.963636,19.418182,17.563637
test,2024-02-01,23.708334,22.409090,20.400000,18.563637
test,2024-02-07,24.433332,23.518183,21.963636,19.316668
test,2024-02-14,27.283333,24.433332,21.963636,19.658333
test,2024-02-21,27.283333,26.275000,23.016666,20.733334
test,2024-02-28,32.341667,27.283333,24.433332,21.033333
test,2024-03-01,32.341667,28.483334,26.275000,21.033333
test,2024-03-07,32.341667,30.975000,29.299999,23.750000
test,2024-03-14,32.341667,30.975000,29.299999,24.383333
test,2024-03-21,34.166668,31.941668,29.625000,26.275000
test,2024-03-28,39.258335,34.400002,30.975000,28.483334
test,2024-04-01,39.258335,34.400002,30.025000,27.966667
test,2024-04-07,39.258335,34.400002,29.041666,26.924999
test,2024-04-14,39.258335,37.383335,29.625000,28.158333
test,2024-04-21,39.258335,37.383335,34.400002,28.158333
test,2024-04-28,38.258335,36.966667,34.616665,28.666666
test,2024-05-01,38.258335,36.966667,34.616665,28.674999
test,2024-05-07,38.258335,36.966667,35.799999,31.891666
test,2024-05-14,39.608334,38.075001,36.327274,33.854546
test,2024-05-21,41.009090,40.609093,37.908333,35.799999
test,2024-05-28,41.009090,40.609093,37.072727,36.136364
test,2024-06-01,41.009090,40.609093,37.172726,36.474998
test,2024-06-07,41.009090,40.609093,37.172726,36.500000
test,2024-06-14,41.009090,39.227272,37.454544,36.509090
test,2024-06-21,39.227272,39.154545,37.408333,36.500000
test,2024-06-28,39.227272,39.154545,37.454544,36.654545
test,2024-07-01,39.227272,39.154545,37.454544,36.436363
test,2024-07-07,39.227272,39.154545,37.408333,36.433334
test,2024-07-14,37.758335,37.408333,36.875000,35.841667
test,2024-07-21,37.781818,37.366665,36.783333,35.681820
test,2024-07-28,37.890907,37.366665,36.291668,35.536366
test,2024-08-01,37.890907,37.366665,36.291668,35.508335
test,2024-08-07,37.890907,36.890907,35.727272,35.136364
test,2024-08-14,37.890907,37.474998,35.636364,34.863636
test,2024-08-21,37.890907,36.890907,35.136364,33.781818
test,2024-08-28,37.474998,35.000000,34.518181,32.754547
test,2024-09-01,37.474998,35.000000,34.518181,32.500000
test,2024-09-07,37.474998,35.000000,34.472729,31.391666
test,2024-09-14,34.700001,32.599998,31.518183,30.450001
test,2024-09-21,32.650002,31.816668,30.766666,30.049999
test,2024-09-28,32.599998,30.766666,30.383333,29.366667
test,2024-10-01,31.525000,30.658333,30.250000,28.975000
test,2024-10-07,31.525000,30.491667,29.416666,27.866667
test,2024-10-14,31.525000,29.041666,28.025000,25.933332
test,2024-10-21,28.975000,27.725000,26.424999,24.391666
test,2024-10-28,28.975000,26.583334,25.299999,24.375000
test,2024-11-01,27.725000,25.883333,25.133333,23.966667
test,2024-11-07,26.424999,25.258333,24.375000,22.708334
test,2024-11-14,25.133333,24.391666,23.108334,21.008333
test,2024-11-21,25.133333,23.575001,21.825001,19.750000
test,2024-11-28,22.708334,22.075001,20.883333,19.391666
test,2024-12-01,22.708334,22.075001,20.883333,19.383333
test,2024-12-07,22.358334,21.866667,20.883333,18.983334
test,2024-12-14,21.866667,20.883333,19.391666,18.566668
test,2024-12-21,21.866667,21.150000,19.658333,18.566668
test,2024-12-28,21.866667,21.150000,19.658333,18.366667
test,2025-01-01,21.866667,21.591667,19.941668,18.483334
test,2025-01-07,21.608334,21.208334,19.941668,18.583334
test,2025-01-14,21.608334,21.208334,19.716667,18.341667
test,2025-01-21,21.608334,21.208334,19.791666,18.325001
test,2025-01-28,21.608334,21.208334,19.716667,15.733334
test,2025-02-01,21.283333,20.316668,19.525000,15.733334
test,2025-02-07,21.833334,20.316668,19.483334,15.733334
test,2025-02-14,29.191668,28.541666,21.283333,18.908333
test,2025-02-21,31.816668,29.191668,25.866667,19.483334
test,2025-02-28,34.549999,31.816668,28.850000,21.291666
test,2025-03-01,34.549999,31.816668,28.850000,21.833334
test,2025-03-07,34.549999,31.816668,28.975000,24.966667
test,2025-03-14,35.091667,33.275002,29.466667,26.141666
test,2025-03-21,35.091667,33.275002,29.466667,24.966667
test,2025-03-28,39.458332,35.091667,30.545454,26.783333
test,2025-04-01,39.458332,35.508335,30.545454,27.049999
test,2025-04-07,39.458332,35.508335,30.308332,27.049999
test,2025-04-14,39.458332,35.716667,32.291668,29.036364
test,2025-04-21,40.958332,38.325001,33.891666,29.025000
test,2025-04-28,40.958332,35.716667,33.891666,29.766666
test,2025-05-01,40.958332,35.716667,33.483334,29.766666
test,2025-05-07,40.958332,35.716667,33.875000,30.850000
test,2025-05-14,40.958332,35.375000,34.200001,32.349998
test,2025-05-21,40.016666,35.133335,34.200001,32.633335
test,2025-05-28,35.375000,34.924999,34.000000,33.041668
test,2025-06-01,37.291668,36.208332,34.924999,33.416668
