sample_id,date,region,season,target,model,split,actual,predicted,residual,abs_error,sq_error,actual_p3,predicted_p3,actual_p7,predicted_p7,actual_p15,predicted_p15
Center_summer_2021-06-21,2021-06-21,Center,summer,soft,ConvNeXtTiny-LSTM,test,33.258334,32.152611,-1.105723,1.105723,1.300795,33.841667,32.999676,33.549999,32.057281,32.383335,31.400875
Center_summer_2021-06-28,2021-06-28,Center,summer,soft,ConvNeXtTiny-LSTM,test,33.375000,33.013756,-0.361244,0.361244,0.137701,33.841667,33.462734,33.549999,33.094788,32.733334,32.483746
Center_summer_2021-07-01,2021-07-01,Center,summer,soft,ConvNeXtTiny-LSTM,test,33.372223,33.491461,0.119239,0.119239,0.019542,33.841667,33.985363,33.541668,33.561859,32.733334,32.927162
Center_summer_2021-07-07,2021-07-07,Center,summer,soft,ConvNeXtTiny-LSTM,test,34.205556,32.638582,-1.566975,1.566975,2.931386,35.641666,33.184738,34.075001,32.606663,32.900002,32.124344
Center_summer_2021-07-14,2021-07-14,Center,summer,soft,ConvNeXtTiny-LSTM,test,35.027779,33.497977,-1.529802,1.529802,3.805392,37.150002,33.912292,34.383335,33.607803,33.549999,32.973835
Center_summer_2021-07-21,2021-07-21,Center,summer,soft,ConvNeXtTiny-LSTM,test,35.108334,33.052643,-2.055691,2.055691,5.834796,37.150002,33.322941,34.575001,33.159874,33.599998,32.675114
Center_summer_2021-07-28,2021-07-28,Center,summer,soft,ConvNeXtTiny-LSTM,test,35.108334,33.112691,-1.995642,1.995642,5.415114,37.150002,33.481796,34.575001,33.190498,33.599998,32.665779
Center_summer_2021-08-01,2021-08-01,Center,summer,soft,ConvNeXtTiny-LSTM,test,35.144445,32.789152,-2.355293,2.355293,7.125092,37.150002,33.029064,34.575001,32.933994,33.708332,32.404396
Center_summer_2021-08-07,2021-08-07,Center,summer,soft,ConvNeXtTiny-LSTM,test,33.844446,32.432264,-1.412182,1.412182,2.021958,34.383335,32.740742,33.891666,32.553062,33.258335,32.002987
Center_summer_2021-08-14,2021-08-14,Center,summer,soft,ConvNeXtTiny-LSTM,test,33.377777,33.148951,-0.228826,0.288251,0.118534,33.941666,33.400780,33.474998,33.240269,32.716667,32.805805
Center_summer_2021-08-21,2021-08-21,Center,summer,soft,ConvNeXtTiny-LSTM,test,33.261111,32.580991,-0.680120,0.680120,0.515046,33.941666,32.963139,33.258335,32.618149,32.583332,32.161686
Center_summer_2021-08-28,2021-08-28,Center,summer,soft,ConvNeXtTiny-LSTM,test,32.997222,32.669444,-0.327778,0.327778,0.150963,33.941666,33.381718,33.058334,32.688972,31.991667,31.937643
Center_summer_2021-09-01,2021-09-01,Center,summer,soft,ConvNeXtTiny-LSTM,test,32.622222,32.247491,-0.374730,0.374730,0.171551,33.566666,33.046535,32.599998,32.122364,31.700001,31.573574
Center_summer_2021-09-07,2021-09-07,Center,summer,soft,ConvNeXtTiny-LSTM,test,32.052778,31.889152,-0.163626,0.368371,0.150974,33.566666,33.025887,31.983334,31.726118,30.608334,30.915451
Center_summer_2021-09-14,2021-09-14,Center,summer,soft,ConvNeXtTiny-LSTM,test,31.305555,32.120301,0.814746,0.814746,0.800652,32.033333,33.176796,31.700001,31.997938,30.183332,31.186169
Center_summer_2021-09-21,2021-09-21,Center,summer,soft,ConvNeXtTiny-LSTM,test,30.713889,31.599984,0.886095,0.886095,1.032041,32.033333,33.294350,30.233334,31.446642,29.875000,30.058960
Center_summer_2021-09-28,2021-09-28,Center,summer,soft,ConvNeXtTiny-LSTM,test,29.869445,29.960936,0.091491,1.034451,1.487387,30.233334,31.922247,29.924999,29.769781,29.450001,28.190779
Center_summer_2021-10-01,2021-10-01,Center,summer,soft,ConvNeXtTiny-LSTM,test,30.263889,30.648883,0.384994,0.624492,0.594858,31.291666,32.553295,30.183332,30.435932,29.316668,28.957420
Center_summer_2021-10-07,2021-10-07,Center,summer,soft,ConvNeXtTiny-LSTM,test,30.475505,29.805448,-0.670057,0.698325,0.807930,31.775000,31.817402,30.233334,29.604200,29.418182,27.994741
Center_summer_2021-10-14,2021-10-14,Center,summer,soft,ConvNeXtTiny-LSTM,test,29.811111,31.409413,1.598302,1.598302,3.829595,31.291666,34.412682,29.950001,31.203535,28.191668,28.612022
Center_summer_2021-10-21,2021-10-21,Center,summer,soft,ConvNeXtTiny-LSTM,test,29.663889,28.580661,-1.083228,1.083228,1.206372,31.291666,30.379375,29.950001,28.615265,27.750000,26.747343
Center_summer_2021-10-28,2021-10-28,Center,summer,soft,ConvNeXtTiny-LSTM,test,29.616667,28.125886,-1.490781,1.490781,2.524115,31.291666,30.574766,29.950001,28.130247,27.608334,25.672644
Center_summer_2021-11-01,2021-11-01,Center,summer,soft,ConvNeXtTiny-LSTM,test,29.206313,27.949605,-1.256708,1.256708,1.981412,30.549999,30.177631,29.741667,27.913940,27.327272,25.757242
Center_summer_2021-11-07,2021-11-07,Center,summer,soft,ConvNeXtTiny-LSTM,test,28.152777,27.371886,-0.780891,0.827126,1.060317,30.166666,29.326172,28.908333,27.336802,25.383333,25.452684
Center_summer_2021-11-14,2021-11-14,Center,summer,soft,ConvNeXtTiny-LSTM,test,26.416667,26.036791,-0.379876,0.379876,0.148972,28.908333,28.562084,26.508333,26.033215,23.833334,23.515074
Center_summer_2021-11-21,2021-11-21,Center,summer,soft,ConvNeXtTiny-LSTM,test,25.216667,26.382397,1.165731,1.165731,1.727159,28.666666,29.429428,24.333334,26.356718,22.650000,23.361046
Center_summer_2021-11-28,2021-11-28,Center,summer,soft,ConvNeXtTiny-LSTM,test,24.338889,23.802193,-0.536696,1.636356,4.006919,28.666666,25.624872,23.833334,23.615549,20.516666,22.166157
Center_summer_2021-12-01,2021-12-01,Center,summer,soft,ConvNeXtTiny-LSTM,test,22.344444,23.454969,1.110524,1.110524,1.347360,24.333334,25.450132,22.650000,23.343729,20.049999,21.571045
Center_summer_2021-12-07,2021-12-07,Center,summer,soft,ConvNeXtTiny-LSTM,test,21.297222,22.352626,1.055403,1.055403,1.429576,24.333334,24.601851,20.516666,22.061199,19.041666,20.394827
Center_summer_2021-12-14,2021-12-14,Center,summer,soft,ConvNeXtTiny-LSTM,test,20.275000,22.137855,1.862855,1.862855,3.720028,21.516666,24.061747,20.600000,21.961658,18.708334,20.390160
Center_summer_2021-12-21,2021-12-21,Center,summer,soft,ConvNeXtTiny-LSTM,test,19.719444,20.406058,0.686614,0.686614,0.835020,20.883333,22.403309,20.225000,20.338396,18.049999,18.476469
Center_summer_2021-12-28,2021-12-28,Center,summer,soft,ConvNeXtTiny-LSTM,test,19.644445,21.060246,1.415801,1.415801,2.815132,20.883333,23.547058,20.225000,20.797810,17.825001,18.835869
Center_summer_2022-01-01,2022-01-01,Center,summer,soft,ConvNeXtTiny-LSTM,test,18.777778,20.905933,2.128155,2.128155,4.868842,20.825001,22.746435,19.058332,20.598730,16.450001,19.372635
Center_summer_2022-01-07,2022-01-07,Center,summer,soft,ConvNeXtTiny-LSTM,test,18.902778,21.591489,2.688711,2.688711,8.415422,20.825001,24.061747,19.966667,21.134714,15.916667,19.578007
Center_summer_2022-01-14,2022-01-14,Center,summer,soft,ConvNeXtTiny-LSTM,test,17.736112,20.587944,2.851832,2.851832,8.351730,20.483334,22.740082,17.316668,20.215885,15.408334,18.807865
Center_summer_2022-01-21,2022-01-21,Center,summer,soft,ConvNeXtTiny-LSTM,test,18.477777,21.532358,3.054581,3.054581,10.462389,20.483334,24.951330,18.416666,21.211283,16.533333,18.434462
Center_summer_2022-01-28,2022-01-28,Center,summer,soft,ConvNeXtTiny-LSTM,test,19.633333,20.682268,1.048934,1.048934,2.001205,21.283333,23.597893,19.458334,20.261827,18.158333,18.187082
Center_summer_2022-02-01,2022-02-01,Center,summer,soft,ConvNeXtTiny-LSTM,test,19.972222,19.400665,-0.571557,0.571557,0.504424,21.575001,21.570913,19.924999,19.228146,18.416666,17.402935
Center_summer_2022-02-07,2022-02-07,Center,summer,soft,ConvNeXtTiny-LSTM,test,20.580556,20.347853,-0.232702,0.394953,0.203323,23.125000,22.422371,19.850000,20.093376,18.766666,18.527813
Center_summer_2022-02-14,2022-02-14,Center,summer,soft,ConvNeXtTiny-LSTM,test,20.472222,21.108673,0.636451,0.636451,0.557495,23.125000,23.553413,19.683332,20.866722,18.608334,18.905884
Center_summer_2022-02-21,2022-02-21,Center,summer,soft,ConvNeXtTiny-LSTM,test,20.372222,22.978825,2.606603,2.606603,7.999933,23.125000,26.752735,19.683332,22.792433,18.308332,19.391306
Center_summer_2022-02-28,2022-02-28,Center,summer,soft,ConvNeXtTiny-LSTM,test,19.972222,22.958203,2.985981,2.985981,9.271005,23.125000,26.787683,19.683332,22.765633,17.108334,19.321293
Center_summer_2022-03-01,2022-03-01,Center,summer,soft,ConvNeXtTiny-LSTM,test,19.983334,23.166868,3.183535,3.183535,10.211962,23.125000,26.482685,19.716667,23.117851,17.108334,19.900068
Center_summer_2022-03-07,2022-03-07,Center,summer,soft,ConvNeXtTiny-LSTM,test,22.652778,22.396540,-0.256238,1.360261,2.024309,26.891666,25.237267,23.000000,22.229650,18.066668,19.722702
Center_summer_2022-03-14,2022-03-14,Center,summer,soft,ConvNeXtTiny-LSTM,test,25.227525,23.493241,-1.734284,1.734284,4.647147,29.118181,27.302372,26.672728,23.412642,19.891666,19.764709
Center_summer_2022-03-21,2022-03-21,Center,summer,soft,ConvNeXtTiny-LSTM,test,27.605555,23.575872,-4.029683,4.029683,17.793203,32.491665,26.879820,27.333334,23.420298,22.991667,20.427500
Center_summer_2022-03-28,2022-03-28,Center,summer,soft,ConvNeXtTiny-LSTM,test,27.933333,24.056115,-3.877218,3.877218,15.406873,32.491665,27.753517,27.333334,23.814629,23.975000,20.600199
Center_summer_2022-04-01,2022-04-01,Center,summer,soft,ConvNeXtTiny-LSTM,test,29.008839,28.032312,-0.976527,0.976527,1.050041,33.200001,32.181973,29.118181,27.783773,24.708334,24.131189
Center_summer_2022-04-07,2022-04-07,Center,summer,soft,ConvNeXtTiny-LSTM,test,28.547728,30.700184,2.152456,2.152456,4.664363,33.633335,35.661274,28.091667,30.494314,23.918182,25.944963
Center_summer_2022-04-14,2022-04-14,Center,summer,soft,ConvNeXtTiny-LSTM,test,28.811112,29.111326,0.300213,1.565905,2.727758,33.633335,31.734798,28.091667,28.916306,24.708334,26.682873
Center_summer_2022-04-21,2022-04-21,Center,summer,soft,ConvNeXtTiny-LSTM,test,29.119445,30.147551,1.028106,1.071110,1.750326,33.200001,33.135494,28.091667,30.046387,26.066668,27.260773
Center_summer_2022-04-28,2022-04-28,Center,summer,soft,ConvNeXtTiny-LSTM,test,29.777778,31.104410,1.326632,1.326632,1.856454,33.200001,34.717682,29.424999,30.998713,26.708334,27.596834
Center_summer_2022-05-01,2022-05-01,Center,summer,soft,ConvNeXtTiny-LSTM,test,29.538889,32.194993,2.656104,2.656104,7.150538,31.508333,34.428566,29.950001,32.172134,27.158333,29.984280
Center_summer_2022-05-07,2022-05-07,Center,summer,soft,ConvNeXtTiny-LSTM,test,29.788889,31.607534,1.818645,1.818645,4.672885,31.008333,34.479401,30.450001,31.458128,27.908333,28.885075
Center_summer_2022-05-14,2022-05-14,Center,summer,soft,ConvNeXtTiny-LSTM,test,31.227777,32.072152,0.844375,1.338775,1.985370,33.099998,34.886066,30.991667,32.480324,29.591667,28.850067
Center_summer_2022-05-21,2022-05-21,Center,summer,soft,ConvNeXtTiny-LSTM,test,31.119445,31.710728,0.591283,0.591283,0.437586,32.808334,33.491329,30.674999,31.574894,29.875000,30.065960
Center_summer_2022-05-28,2022-05-28,Center,summer,soft,ConvNeXtTiny-LSTM,test,31.250001,31.623962,0.373961,0.373961,0.197513,32.808334,32.846378,30.991667,31.576809,29.950001,30.448698
Center_summer_2022-06-01,2022-06-01,Center,summer,soft,ConvNeXtTiny-LSTM,test,31.380555,32.798894,1.418339,1.418339,2.100705,32.808334,33.805859,31.058332,32.713860,30.275000,31.876965
Center_summer_2022-06-07,2022-06-07,Center,summer,soft,ConvNeXtTiny-LSTM,test,31.558334,31.560067,0.001734,0.459949,0.279407,32.808334,33.500858,31.391666,31.295418,30.475000,29.883926
Center_summer_2022-06-14,2022-06-14,Center,summer,soft,ConvNeXtTiny-LSTM,test,31.611111,31.705678,0.094567,0.107809,0.029229,32.233334,32.528671,31.566668,31.574894,31.033333,31.013470
Center_summer_2022-06-21,2022-06-21,Center,summer,soft,ConvNeXtTiny-LSTM,test,31.888888,32.396836,0.507948,0.507948,0.259927,32.616665,33.186329,31.808332,32.281242,31.241667,31.722937
Center_summer_2022-06-28,2022-06-28,Center,summer,soft,ConvNeXtTiny-LSTM,test,32.366667,33.232759,0.866092,0.866092,0.752715,33.075001,33.888462,32.424999,33.274727,31.600000,32.535088
Center_summer_2022-07-01,2022-07-01,Center,summer,soft,ConvNeXtTiny-LSTM,test,32.702019,33.204427,0.502408,0.502408,0.272234,33.372726,33.840805,32.924999,33.274727,31.808332,32.497749
Center_summer_2022-07-07,2022-07-07,Center,summer,soft,ConvNeXtTiny-LSTM,test,32.854797,32.614718,-0.240079,0.240079,0.079239,33.372726,32.981407,32.974998,32.687061,32.216667,32.175686
Center_summer_2022-07-14,2022-07-14,Center,summer,soft,ConvNeXtTiny-LSTM,test,32.952020,33.323799,0.371779,0.371779,0.145723,33.372726,33.843983,32.974998,33.358952,32.508335,32.768463
Center_summer_2022-07-21,2022-07-21,Center,summer,soft,ConvNeXtTiny-LSTM,test,32.868687,33.629590,0.760904,0.760904,0.583488,33.372726,34.042553,32.916668,33.699684,32.316666,33.146534
Center_summer_2022-07-28,2022-07-28,Center,summer,soft,ConvNeXtTiny-LSTM,test,33.108334,32.663712,-0.444622,0.444622,0.250737,33.833332,33.064011,32.983334,32.723431,32.508335,32.203693
Center_summer_2022-08-01,2022-08-01,Center,summer,soft,ConvNeXtTiny-LSTM,test,33.061111,33.385970,0.324858,0.324858,0.129469,33.591667,33.697838,33.083332,33.523575,32.508335,32.936497
Center_summer_2022-08-07,2022-08-07,Center,summer,soft,ConvNeXtTiny-LSTM,test,32.963889,33.168714,0.204825,0.261127,0.113664,33.591667,33.507214,33.083332,33.221127,32.216667,32.777802
Center_summer_2022-08-14,2022-08-14,Center,summer,soft,ConvNeXtTiny-LSTM,test,32.961110,32.579104,-0.382006,0.382006,0.193610,33.591667,33.130730,33.083332,32.482239,32.208332,32.124344
Center_summer_2022-08-21,2022-08-21,Center,summer,soft,ConvNeXtTiny-LSTM,test,32.908334,33.103826,0.195492,0.265563,0.093534,33.591667,33.486561,32.983334,33.205814,32.150002,32.619102
Center_summer_2022-08-28,2022-08-28,Center,summer,soft,ConvNeXtTiny-LSTM,test,32.575000,32.415695,-0.159305,0.161069,0.044979,33.083332,32.941692,32.683334,32.344414,31.958334,31.960979
Center_summer_2022-09-01,2022-09-01,Center,summer,soft,ConvNeXtTiny-LSTM,test,32.302778,32.069283,-0.233496,0.345371,0.137859,32.683334,32.851147,32.325001,31.955826,31.900000,31.400875
Center_summer_2022-09-07,2022-09-07,Center,summer,soft,ConvNeXtTiny-LSTM,test,32.225000,32.357951,0.132950,0.215719,0.066180,32.825001,33.238750,32.325001,32.200848,31.525000,31.634254
Center_summer_2022-09-14,2022-09-14,Center,summer,soft,ConvNeXtTiny-LSTM,test,31.722223,32.161720,0.439498,0.439498,0.222479,32.525002,33.098957,31.583334,32.130020,31.058332,31.256184
Center_summer_2022-09-21,2022-09-21,Center,summer,soft,ConvNeXtTiny-LSTM,test,31.658334,31.286449,-0.371885,0.439993,0.278369,32.525002,32.627163,31.941668,31.128881,30.508333,30.103302
Center_summer_2022-09-28,2022-09-28,Center,summer,soft,ConvNeXtTiny-LSTM,test,30.766667,30.323005,-0.443662,0.540058,0.549311,31.941668,32.086262,31.466667,30.210052,28.891666,28.672701
Center_summer_2022-10-01,2022-10-01,Center,summer,soft,ConvNeXtTiny-LSTM,test,30.277777,31.818728,1.540951,1.540951,2.415480,31.525000,33.184738,30.508333,31.764404,28.799999,30.507042
Center_summer_2022-10-07,2022-10-07,Center,summer,soft,ConvNeXtTiny-LSTM,test,28.816667,30.935852,2.119185,2.119185,5.326844,29.333334,32.682762,28.891666,30.740294,28.225000,29.384501
Center_summer_2022-10-14,2022-10-14,Center,summer,soft,ConvNeXtTiny-LSTM,test,28.552778,30.048174,1.495396,1.495396,3.569048,29.333334,32.276093,28.450001,29.876020,27.875000,27.992409
Center_summer_2022-10-21,2022-10-21,Center,summer,soft,ConvNeXtTiny-LSTM,test,27.941667,28.751280,0.809614,0.809614,1.152121,29.116667,30.852364,27.983334,28.648884,26.725000,26.752594
Center_summer_2022-10-28,2022-10-28,Center,summer,soft,ConvNeXtTiny-LSTM,test,27.347222,28.449839,1.102617,1.102617,2.004074,28.333334,30.612494,27.549999,28.444181,26.158333,26.292841
Center_summer_2022-11-01,2022-11-01,Center,summer,soft,ConvNeXtTiny-LSTM,test,26.619444,28.417419,1.797975,1.797975,3.496204,27.891666,30.348398,26.658333,28.391060,25.308332,26.512798
Center_summer_2022-11-07,2022-11-07,Center,summer,soft,ConvNeXtTiny-LSTM,test,25.975000,26.826909,0.851909,0.851909,0.843154,27.891666,28.295210,25.866667,26.783590,24.166666,25.401926
Center_summer_2022-11-14,2022-11-14,Center,summer,soft,ConvNeXtTiny-LSTM,test,24.858333,26.740186,1.881853,1.881853,4.280034,26.791666,29.480261,24.483334,26.749134,23.299999,23.991163
Center_summer_2022-11-21,2022-11-21,Center,summer,soft,ConvNeXtTiny-LSTM,test,24.433333,26.139773,1.706440,1.706440,4.481990,25.633333,28.925861,24.483334,26.081070,23.183332,23.412388
Center_summer_2022-11-28,2022-11-28,Center,summer,soft,ConvNeXtTiny-LSTM,test,23.905556,23.321136,-0.584420,1.078154,1.364222,24.700001,25.440601,24.166666,23.385841,22.850000,21.136965
Center_summer_2022-12-01,2022-12-01,Center,summer,soft,ConvNeXtTiny-LSTM,test,23.630555,22.253628,-1.376927,1.376927,2.648029,24.700001,24.442997,23.641666,22.137768,22.549999,20.180120
Center_summer_2022-12-07,2022-12-07,Center,summer,soft,ConvNeXtTiny-LSTM,test,22.908333,21.982756,-0.925577,0.925577,1.206084,24.700001,24.608206,23.183332,21.892746,20.841667,19.447317
Center_summer_2022-12-14,2022-12-14,Center,summer,soft,ConvNeXtTiny-LSTM,test,22.338889,20.727523,-1.611366,1.611366,3.309415,24.700001,22.479559,22.549999,20.353710,19.766666,19.349298
Center_summer_2022-12-21,2022-12-21,Center,summer,soft,ConvNeXtTiny-LSTM,test,20.158333,20.839832,0.681499,0.681499,0.888995,21.108334,22.695602,20.299999,20.675301,19.066668,19.148594
Center_summer_2022-12-28,2022-12-28,Center,summer,soft,ConvNeXtTiny-LSTM,test,20.663888,21.611289,0.947401,0.988534,1.672716,22.041666,24.125288,20.525000,21.345280,19.424999,19.363300
Center_summer_2023-01-01,2023-01-01,Center,summer,soft,ConvNeXtTiny-LSTM,test,21.144445,21.118111,-0.026334,0.482290,0.278707,22.825001,23.508934,20.975000,20.790154,19.633333,19.055244
Center_summer_2023-01-07,2023-01-07,Center,summer,soft,ConvNeXtTiny-LSTM,test,21.075000,21.535896,0.460896,0.460896,0.480335,22.825001,24.017267,20.975000,21.096430,19.424999,19.493992
Center_summer_2023-01-14,2023-01-14,Center,summer,soft,ConvNeXtTiny-LSTM,test,20.950000,20.190105,-0.759895,0.759895,0.605660,22.825001,21.875916,20.975000,20.185259,19.049999,18.509142
Center_summer_2023-01-21,2023-01-21,Center,summer,soft,ConvNeXtTiny-LSTM,test,20.252778,20.318491,0.065713,0.696164,0.602659,22.825001,22.517685,20.525000,19.886639,17.408333,18.551149
Center_summer_2023-01-28,2023-01-28,Center,summer,soft,ConvNeXtTiny-LSTM,test,18.822222,21.785797,2.963575,2.963575,9.348771,19.958334,23.985497,19.100000,21.555843,17.408333,19.816051
Center_summer_2023-02-01,2023-02-01,Center,summer,soft,ConvNeXtTiny-LSTM,test,21.816666,22.264293,0.447627,2.463511,6.655079,28.283333,25.259506,19.174999,22.160738,17.991667,19.372635
Center_summer_2023-02-07,2023-02-07,Center,summer,soft,ConvNeXtTiny-LSTM,test,23.480556,22.318370,-1.162186,1.473710,3.250967,28.433332,25.529560,23.191668,22.141596,18.816668,19.283953
Center_summer_2023-02-14,2023-02-14,Center,summer,soft,ConvNeXtTiny-LSTM,test,24.752778,20.563531,-4.189247,4.189247,21.026699,28.433332,22.797268,25.866667,20.491535,19.958334,18.401789
Center_summer_2023-02-21,2023-02-21,Center,summer,soft,ConvNeXtTiny-LSTM,test,25.016666,24.179681,-0.836985,0.976718,1.365780,28.433332,27.492996,25.866667,24.086449,20.750000,20.959599
Center_summer_2023-02-28,2023-02-28,Center,summer,soft,ConvNeXtTiny-LSTM,test,25.788888,26.172773,0.383885,1.056976,1.804356,28.433332,30.594624,26.166666,26.002586,22.766666,21.921110
Center_summer_2023-03-01,2023-03-01,Center,summer,soft,ConvNeXtTiny-LSTM,test,25.577778,26.656611,1.078833,1.101793,2.510143,28.283333,30.962767,25.866667,26.458172,22.583334,22.548895
Center_summer_2023-03-07,2023-03-07,Center,summer,soft,ConvNeXtTiny-LSTM,test,23.850000,26.833890,2.983889,2.983889,9.466735,26.516666,30.540613,23.941668,26.588341,21.091667,23.372715
Center_summer_2023-03-14,2023-03-14,Center,summer,soft,ConvNeXtTiny-LSTM,test,26.541667,26.640902,0.099235,1.708315,4.315857,31.600000,29.186380,26.516666,26.559628,21.508333,24.176697
Center_summer_2023-03-21,2023-03-21,Center,summer,soft,ConvNeXtTiny-LSTM,test,27.866667,26.168239,-1.698428,1.901543,4.896278,32.025002,29.415131,28.733334,25.943247,22.841667,23.146339
Center_summer_2023-03-28,2023-03-28,Center,summer,soft,ConvNeXtTiny-LSTM,test,28.158334,28.853645,0.695311,0.695311,1.263947,32.025002,32.168468,28.733334,28.733826,23.716667,25.658640
Center_summer_2023-04-01,2023-04-01,Center,summer,soft,ConvNeXtTiny-LSTM,test,28.158334,27.209787,-0.948547,1.350141,2.108173,32.025002,30.393673,28.733334,26.916630,23.716667,24.319057
Center_summer_2023-04-07,2023-04-07,Center,summer,soft,ConvNeXtTiny-LSTM,test,29.113888,28.689850,-0.424039,1.467726,2.159007,33.033333,31.617247,29.908333,28.486773,24.400000,25.965530
Center_summer_2023-04-14,2023-04-14,Center,summer,soft,ConvNeXtTiny-LSTM,test,27.369445,28.082375,0.712931,0.712931,0.746008,30.358334,31.760811,27.333334,27.700504,24.416666,24.785810
Center_summer_2023-04-21,2023-04-21,Center,summer,soft,ConvNeXtTiny-LSTM,test,27.919445,30.694981,2.775536,2.775536,8.133765,31.475000,34.854298,27.333334,30.416788,24.950001,26.813856
Center_summer_2023-04-28,2023-04-28,Center,summer,soft,ConvNeXtTiny-LSTM,test,29.780556,30.543889,0.763333,1.027516,2.433588,31.958334,34.644608,30.358334,30.215796,27.025000,26.771263
Center_summer_2023-05-01,2023-05-01,Center,summer,soft,ConvNeXtTiny-LSTM,test,30.575000,28.998582,-1.576419,1.576419,2.988513,33.383335,31.324160,31.033333,28.936495,27.308332,26.735090
Center_summer_2023-05-07,2023-05-07,Center,summer,soft,ConvNeXtTiny-LSTM,test,32.330555,31.814028,-0.516527,0.806449,0.835380,37.083332,35.673985,31.475000,31.909883,28.433332,27.858217
Center_summer_2023-05-14,2023-05-14,Center,summer,soft,ConvNeXtTiny-LSTM,test,32.574999,32.115232,-0.459768,1.088467,1.297328,37.083332,35.531013,31.558332,32.501381,29.083334,28.313301
Center_summer_2023-05-21,2023-05-21,Center,summer,soft,ConvNeXtTiny-LSTM,test,32.574999,31.841169,-0.733830,1.034557,1.483815,37.083332,35.152943,31.558332,32.009422,29.083334,28.361143
Center_summer_2023-05-28,2023-05-28,Center,summer,soft,ConvNeXtTiny-LSTM,test,32.402778,30.882596,-1.520182,1.520182,5.170254,36.758335,32.850353,31.041666,30.828346,29.408333,28.969090
Center_summer_2023-06-01,2023-06-01,Center,summer,soft,ConvNeXtTiny-LSTM,test,32.563889,31.614622,-0.949267,1.393719,2.261503,36.758335,34.714504,30.883333,31.550011,30.049999,28.579351
Center_summer_2023-06-07,2023-06-07,Center,summer,soft,ConvNeXtTiny-LSTM,test,31.144445,31.647312,0.502867,0.502867,0.355278,32.291668,33.098957,30.991667,31.632322,30.150000,30.210655
Center_summer_2023-06-14,2023-06-14,Center,summer,soft,ConvNeXtTiny-LSTM,test,31.527778,31.973307,0.445529,0.445529,0.297518,32.341667,33.222866,31.549999,31.856285,30.691668,30.840771
Center_summer_2023-06-21,2023-06-21,Center,summer,soft,ConvNeXtTiny-LSTM,test,33.319445,31.043098,-2.276347,2.276347,5.531399,35.091667,32.301510,33.541668,30.950857,31.325001,29.876926
Center_summer_2023-06-28,2023-06-28,Center,summer,soft,ConvNeXtTiny-LSTM,test,34.880555,32.565141,-2.315414,2.315414,5.714963,36.066666,33.121197,35.091667,32.608578,33.483334,31.965649
Center_summer_2023-07-01,2023-07-01,Center,summer,soft,ConvNeXtTiny-LSTM,test,34.911110,32.868444,-2.042666,2.042666,4.424912,36.066666,33.537395,35.116665,32.868912,33.549999,32.199024
Center_summer_2023-07-07,2023-07-07,Center,summer,soft,ConvNeXtTiny-LSTM,test,34.994443,32.950061,-2.044383,2.044383,4.432275,36.066666,33.531040,35.116665,32.872738,33.799999,32.446404
Center_summer_2023-07-14,2023-07-14,Center,summer,soft,ConvNeXtTiny-LSTM,test,35.019444,32.348033,-2.671411,2.671411,7.439078,36.066666,32.735977,35.116665,32.417152,33.875000,31.890968
Center_summer_2023-07-21,2023-07-21,Center,summer,soft,ConvNeXtTiny-LSTM,test,34.663888,33.248314,-1.415574,1.415574,2.494608,35.858334,33.564400,34.766666,33.393410,33.366665,32.787132
Center_summer_2023-07-28,2023-07-28,Center,summer,soft,ConvNeXtTiny-LSTM,test,33.716666,33.305663,-0.411003,0.426880,0.419179,34.766666,33.654949,33.549999,33.404892,32.833332,32.857147
Center_summer_2023-08-01,2023-08-01,Center,summer,soft,ConvNeXtTiny-LSTM,test,33.326010,32.975691,-0.350319,0.350319,0.168284,34.008335,33.356300,33.236362,33.045021,32.733334,32.525753
Center_summer_2023-08-07,2023-08-07,Center,summer,soft,ConvNeXtTiny-LSTM,test,33.197979,32.773073,-0.424906,0.424906,0.283428,33.941666,33.068775,33.027271,32.888054,32.625000,32.362389
Center_summer_2023-08-14,2023-08-14,Center,summer,soft,ConvNeXtTiny-LSTM,test,34.049999,32.289567,-1.760432,1.760432,3.809789,35.974998,33.040184,33.549999,32.198933,32.625000,31.629585
Center_summer_2023-08-21,2023-08-21,Center,summer,soft,ConvNeXtTiny-LSTM,test,33.913888,31.270737,-2.643152,2.643152,7.058581,35.974998,33.022709,33.549999,31.253305,32.216667,29.536196
Center_summer_2023-08-28,2023-08-28,Center,summer,soft,ConvNeXtTiny-LSTM,test,33.855555,32.507037,-1.348518,1.348518,2.766717,35.974998,33.319767,33.549999,32.478409,32.041668,31.722937
Center_summer_2023-09-01,2023-09-01,Center,summer,soft,ConvNeXtTiny-LSTM,test,33.713889,32.880760,-0.833129,1.002257,2.289789,35.974998,33.370598,33.216667,33.067989,31.950001,32.203693
Center_summer_2023-09-07,2023-09-07,Center,summer,soft,ConvNeXtTiny-LSTM,test,33.269444,32.808959,-0.460485,0.865035,1.381535,35.674999,33.686718,32.424999,32.788513,31.708334,31.951645
Center_summer_2023-09-14,2023-09-14,Center,summer,soft,ConvNeXtTiny-LSTM,test,31.833333,32.235531,0.402198,0.432305,0.348307,32.341667,33.327709,31.908333,32.174046,31.250000,31.204840
Center_summer_2023-09-21,2023-09-21,Center,summer,soft,ConvNeXtTiny-LSTM,test,31.322222,31.080254,-0.241969,0.506961,0.386403,32.341667,32.739155,31.908333,30.916401,29.716667,29.585205
Center_summer_2023-09-28,2023-09-28,Center,summer,soft,ConvNeXtTiny-LSTM,test,31.458080,32.024511,0.566430,0.675795,0.898205,32.866665,32.702618,31.790909,32.040051,29.716667,31.330864
Center_summer_2023-10-01,2023-10-01,Center,summer,soft,ConvNeXtTiny-LSTM,test,31.208586,31.943614,0.735028,0.735028,0.645456,32.636364,33.052891,31.272728,31.881170,29.716667,30.896782
Center_summer_2023-10-07,2023-10-07,Center,summer,soft,ConvNeXtTiny-LSTM,test,31.203031,30.690198,-0.512833,0.512833,0.383951,32.636364,32.612865,31.272728,30.472301,29.700001,28.985426
Center_summer_2023-10-14,2023-10-14,Center,summer,soft,ConvNeXtTiny-LSTM,test,31.203031,29.856819,-1.346212,1.346212,1.872047,32.636364,31.633728,31.272728,29.721447,29.700001,28.215282
Center_summer_2023-10-21,2023-10-21,Center,summer,soft,ConvNeXtTiny-LSTM,test,31.233334,29.729769,-1.503564,1.503564,2.427227,32.636364,31.702433,31.272728,29.564480,29.790909,27.922396
Center_summer_2023-10-28,2023-10-28,Center,summer,soft,ConvNeXtTiny-LSTM,test,30.015151,27.419909,-2.595242,2.595242,6.900448,31.799999,29.659767,30.372726,27.245876,27.872726,25.354084
Center_summer_2023-11-01,2023-11-01,Center,summer,soft,ConvNeXtTiny-LSTM,test,28.630303,28.909325,0.279022,0.362374,0.160400,30.372726,30.890886,28.845455,28.720427,26.672728,27.116661
Center_summer_2023-11-07,2023-11-07,Center,summer,soft,ConvNeXtTiny-LSTM,test,27.321212,28.274501,0.953288,0.953288,1.426566,28.636364,30.606537,27.763636,28.174274,25.563637,26.042690
Center_summer_2023-11-14,2023-11-14,Center,summer,soft,ConvNeXtTiny-LSTM,test,25.654545,25.050576,-0.603970,0.603970,0.491788,26.672728,26.514454,26.045454,25.014847,24.245455,23.622427
Center_summer_2023-11-21,2023-11-21,Center,summer,soft,ConvNeXtTiny-LSTM,test,24.821212,24.674862,-0.146350,0.467489,0.267559,26.045454,26.527163,24.900000,24.710485,23.518183,22.786938
Center_summer_2023-11-28,2023-11-28,Center,summer,soft,ConvNeXtTiny-LSTM,test,24.348485,23.625669,-0.722816,0.722816,0.704804,25.872726,25.316694,24.045454,23.741888,23.127274,21.818424
Center_summer_2023-12-01,2023-12-01,Center,summer,soft,ConvNeXtTiny-LSTM,test,24.242424,22.589470,-1.652954,1.652954,3.149998,25.872726,25.030758,24.045454,22.352161,22.809092,20.385490
Center_summer_2023-12-07,2023-12-07,Center,summer,soft,ConvNeXtTiny-LSTM,test,23.303031,23.228326,-0.074704,0.660521,0.598924,24.600000,25.478725,23.136364,23.041283,22.172728,21.164970
Center_summer_2023-12-14,2023-12-14,Center,summer,soft,ConvNeXtTiny-LSTM,test,23.009091,21.388424,-1.620667,1.620667,3.226875,24.045454,23.464455,23.136364,21.295509,21.845455,19.405308
Center_summer_2023-12-21,2023-12-21,Center,summer,soft,ConvNeXtTiny-LSTM,test,22.163637,20.925323,-1.238313,1.238313,1.552989,23.636364,22.593933,22.163637,20.851408,20.690908,19.330629
Center_summer_2023-12-28,2023-12-28,Center,summer,soft,ConvNeXtTiny-LSTM,test,22.012727,21.398329,-0.614398,0.614398,0.583043,23.445454,23.407269,21.920000,21.261053,20.672728,19.526665
Center_summer_2024-01-01,2024-01-01,Center,summer,soft,ConvNeXtTiny-LSTM,test,21.327272,21.420891,0.093619,0.222939,0.050697,23.445454,23.712267,21.409090,21.215111,19.127274,19.335297
Center_summer_2024-01-07,2024-01-07,Center,summer,soft,ConvNeXtTiny-LSTM,test,20.657575,21.712090,1.054515,1.054515,1.534580,23.445454,23.972788,20.690908,21.356764,17.836363,19.806717
Center_summer_2024-01-14,2024-01-14,Center,summer,soft,ConvNeXtTiny-LSTM,test,20.527879,21.991955,1.464076,1.464076,2.524761,22.363636,24.697163,20.690001,21.789379,18.530001,19.489325
Center_summer_2024-01-21,2024-01-21,Center,summer,soft,ConvNeXtTiny-LSTM,test,20.573333,21.157714,0.584381,0.584381,0.492886,23.490000,23.527996,20.059999,20.973919,18.170000,18.971228
Center_summer_2024-01-28,2024-01-28,Center,summer,soft,ConvNeXtTiny-LSTM,test,20.344849,22.057404,1.712555,1.712555,4.978839,21.636364,25.167372,20.318182,21.888918,19.080000,19.115921
Center_summer_2024-02-01,2024-02-01,Center,summer,soft,ConvNeXtTiny-LSTM,test,21.357272,21.167370,-0.189902,0.189902,0.040136,23.490000,23.343727,21.209091,21.065802,19.372726,19.092583
Center_summer_2024-02-07,2024-02-07,Center,summer,soft,ConvNeXtTiny-LSTM,test,21.728788,21.401873,-0.326914,0.530163,0.332741,23.490000,23.794872,21.636364,21.192141,20.059999,19.218607
Center_summer_2024-02-14,2024-02-14,Center,summer,soft,ConvNeXtTiny-LSTM,test,21.921212,22.643879,0.722667,1.070355,1.402538,23.836363,25.580393,21.636364,22.581867,20.290909,19.769377
Center_summer_2024-02-21,2024-02-21,Center,summer,soft,ConvNeXtTiny-LSTM,test,23.069697,21.761464,-1.308233,1.308233,1.823049,25.609091,24.023623,22.581818,21.743439,21.018183,19.517330
Center_summer_2024-02-28,2024-02-28,Center,summer,soft,ConvNeXtTiny-LSTM,test,23.666667,22.040119,-1.626547,1.626547,2.683290,26.145454,24.423935,23.836363,22.034399,21.018183,19.662024
Center_summer_2024-03-01,2024-03-01,Center,summer,soft,ConvNeXtTiny-LSTM,test,24.018182,22.877813,-1.140369,1.168210,2.125863,26.145454,26.187216,24.890909,22.723520,21.018183,19.722702
Center_summer_2024-03-07,2024-03-07,Center,summer,soft,ConvNeXtTiny-LSTM,test,26.254546,23.899556,-2.354989,2.354989,5.594600,29.918182,27.251537,26.027273,23.837599,22.818182,20.609533
Center_summer_2024-03-14,2024-03-14,Center,summer,soft,ConvNeXtTiny-LSTM,test,26.412374,25.677594,-0.734780,0.734780,0.797944,29.918182,29.510443,26.027273,25.682911,23.291666,21.839428
Center_summer_2024-03-21,2024-03-21,Center,summer,soft,ConvNeXtTiny-LSTM,test,27.627272,25.047186,-2.580086,2.580086,6.821748,30.427273,27.785288,27.727272,24.683685,24.727272,22.672585
Center_summer_2024-03-28,2024-03-28,Center,summer,soft,ConvNeXtTiny-LSTM,test,29.661617,27.714856,-1.946760,1.946760,4.654280,33.541668,32.890858,29.918182,27.515781,25.525000,22.737930
Center_summer_2024-04-01,2024-04-01,Center,summer,soft,ConvNeXtTiny-LSTM,test,28.977778,30.346909,1.369131,1.369131,2.527433,33.541668,33.856693,27.866667,30.144970,25.525000,27.039064
Center_summer_2024-04-07,2024-04-07,Center,summer,soft,ConvNeXtTiny-LSTM,test,28.869445,30.751351,1.881906,1.881906,4.664630,33.541668,34.114037,27.566668,30.734550,25.500000,27.405466
Center_summer_2024-04-14,2024-04-14,Center,summer,soft,ConvNeXtTiny-LSTM,test,31.016666,30.900853,-0.115812,2.406860,6.865453,38.366665,34.582657,28.516666,30.666595,26.166666,27.453308
Center_summer_2024-04-21,2024-04-21,Center,summer,soft,ConvNeXtTiny-LSTM,test,32.119444,31.095420,-1.024024,2.017157,5.778630,38.366665,34.550884,31.708334,30.962343,26.283333,27.773033
Center_summer_2024-04-28,2024-04-28,Center,summer,soft,ConvNeXtTiny-LSTM,test,31.119445,30.705301,-0.414144,1.009398,1.129608,35.133335,33.670834,31.266666,30.593855,26.958334,27.851215
Center_summer_2024-05-01,2024-05-01,Center,summer,soft,ConvNeXtTiny-LSTM,test,31.147223,30.570618,-0.576604,0.963053,1.066075,35.133335,33.666069,31.266666,30.424446,27.041666,27.621340
Center_summer_2024-05-07,2024-05-07,Center,summer,soft,ConvNeXtTiny-LSTM,test,31.916667,30.690266,-1.226402,1.226402,2.333796,35.133335,32.738358,31.708334,30.596725,28.908333,28.735714
Center_summer_2024-05-14,2024-05-14,Center,summer,soft,ConvNeXtTiny-LSTM,test,32.541666,30.906741,-1.634925,1.634925,3.932840,34.849998,34.277657,31.883333,30.738379,30.891666,27.704187
Center_summer_2024-05-21,2024-05-21,Center,summer,soft,ConvNeXtTiny-LSTM,test,33.247222,31.033561,-2.213661,2.213661,4.964908,34.849998,32.665287,33.533333,30.994884,31.358334,29.440512
Center_summer_2024-05-28,2024-05-28,Center,summer,soft,ConvNeXtTiny-LSTM,test,33.255555,30.535932,-2.719623,2.719623,7.681250,34.566666,32.601746,33.391666,30.307678,31.808332,28.698372
Center_summer_2024-06-01,2024-06-01,Center,summer,soft,ConvNeXtTiny-LSTM,test,33.375000,30.902933,-2.472067,2.472067,6.262877,34.566666,32.645432,33.391666,30.653196,32.166668,29.410172
Center_summer_2024-06-07,2024-06-07,Center,summer,soft,ConvNeXtTiny-LSTM,test,33.602777,32.328348,-1.274429,1.274429,1.799867,34.849998,33.105312,33.583332,32.231476,32.375000,31.648256
Center_summer_2024-06-14,2024-06-14,Center,summer,soft,ConvNeXtTiny-LSTM,test,34.475001,32.141191,-2.333810,2.333810,6.191608,36.183334,32.713737,34.233334,32.080250,33.008335,31.629585
Center_summer_2024-06-21,2024-06-21,Center,summer,soft,ConvNeXtTiny-LSTM,test,34.363889,32.039043,-2.324846,2.324846,5.829797,35.933334,32.696262,33.891666,31.907970,33.266666,31.512897
Center_summer_2024-06-28,2024-06-28,Center,summer,soft,ConvNeXtTiny-LSTM,test,34.744445,32.485725,-2.258719,2.258719,5.308300,35.933334,33.086250,34.691666,32.503296,33.608334,31.867630
Center_summer_2024-07-01,2024-07-01,Center,summer,soft,ConvNeXtTiny-LSTM,test,34.786111,31.921609,-2.864502,2.864502,8.245252,35.933334,32.805077,34.691666,31.871599,33.733334,31.088152
Center_summer_2024-07-07,2024-07-07,Center,summer,soft,ConvNeXtTiny-LSTM,test,34.602777,31.872217,-2.730560,2.730560,7.457906,35.516666,32.810638,34.424999,31.731861,33.866665,31.074150
Center_summer_2024-07-14,2024-07-14,Center,summer,soft,ConvNeXtTiny-LSTM,test,34.197222,32.817773,-1.379449,1.379449,1.918794,34.691666,33.408722,34.166668,32.868912,33.733334,32.175686
Center_summer_2024-07-21,2024-07-21,Center,summer,soft,ConvNeXtTiny-LSTM,test,34.277777,32.763077,-1.514701,1.514701,2.294528,34.691666,33.157734,34.333332,32.834454,33.808334,32.297043
Center_summer_2024-07-28,2024-07-28,Center,summer,soft,ConvNeXtTiny-LSTM,test,34.133334,32.084566,-2.048768,2.048768,4.296459,34.424999,32.811432,34.166668,31.980711,33.808334,31.461555
Center_summer_2024-08-01,2024-08-01,Center,summer,soft,ConvNeXtTiny-LSTM,test,34.077778,32.671357,-1.406420,1.406420,1.986291,34.424999,33.132317,34.150002,32.738743,33.658333,32.143013
Center_summer_2024-08-07,2024-08-07,Center,summer,soft,ConvNeXtTiny-LSTM,test,33.933333,32.506570,-1.426763,1.426763,2.036851,34.366665,32.973465,34.008335,32.533920,33.424999,32.012325
Center_summer_2024-08-14,2024-08-14,Center,summer,soft,ConvNeXtTiny-LSTM,test,33.902777,32.715989,-1.186788,1.186788,1.410896,34.441666,33.241928,34.016666,32.777027,33.250000,32.129013
Center_summer_2024-08-21,2024-08-21,Center,summer,soft,ConvNeXtTiny-LSTM,test,33.830555,32.306678,-1.523877,1.523877,2.340839,34.441666,32.965519,33.983334,32.273586,33.066666,31.680927
Center_summer_2024-08-28,2024-08-28,Center,summer,soft,ConvNeXtTiny-LSTM,test,33.122223,32.110649,-1.011574,1.011574,1.060749,33.733334,32.992527,33.200001,32.087906,32.433334,31.251514
Center_summer_2024-09-01,2024-09-01,Center,summer,soft,ConvNeXtTiny-LSTM,test,32.944444,31.613651,-1.330793,1.330793,1.845342,33.733334,32.655754,33.174999,31.465784,31.924999,30.719416
Center_summer_2024-09-07,2024-09-07,Center,summer,soft,ConvNeXtTiny-LSTM,test,32.636111,32.180356,-0.455755,0.632327,0.523923,33.733334,33.208569,33.141666,32.034309,31.033333,31.298191
Center_summer_2024-09-14,2024-09-14,Center,summer,soft,ConvNeXtTiny-LSTM,test,31.083333,31.305055,0.221722,0.439960,0.276778,31.716667,32.552502,31.058332,31.215021,30.475000,30.147642
Center_summer_2024-09-21,2024-09-21,Center,summer,soft,ConvNeXtTiny-LSTM,test,30.600000,30.985874,0.385873,0.536636,0.634905,31.250000,32.611275,30.825001,30.847490,29.725000,29.498856
Center_summer_2024-09-28,2024-09-28,Center,summer,soft,ConvNeXtTiny-LSTM,test,30.063889,30.848106,0.784217,0.925908,1.405106,30.841667,32.787605,29.958334,30.577583,29.391666,29.179129
Center_summer_2024-10-01,2024-10-01,Center,summer,soft,ConvNeXtTiny-LSTM,test,29.550000,31.111275,1.561275,1.561275,3.064063,29.975000,32.585861,29.558332,30.931715,29.116667,29.816248
Center_summer_2024-10-07,2024-10-07,Center,summer,soft,ConvNeXtTiny-LSTM,test,29.421970,30.584592,1.162622,1.162622,2.292174,29.975000,32.450039,29.509090,30.360319,28.781818,28.943419
Center_summer_2024-10-14,2024-10-14,Center,summer,soft,ConvNeXtTiny-LSTM,test,28.545454,29.744567,1.199113,1.199113,1.908839,29.509090,31.614267,29.081818,29.526674,27.045454,28.092760
Center_summer_2024-10-21,2024-10-21,Center,summer,soft,ConvNeXtTiny-LSTM,test,27.697222,26.949911,-0.747311,0.747311,0.616756,29.233334,28.827370,27.791666,26.867817,26.066668,25.154547
Center_summer_2024-10-28,2024-10-28,Center,summer,soft,ConvNeXtTiny-LSTM,test,26.876263,26.917917,0.041655,0.851524,0.918394,28.654545,29.761433,26.590910,26.823790,25.383333,24.168530
Center_summer_2024-11-01,2024-11-01,Center,summer,soft,ConvNeXtTiny-LSTM,test,26.359596,27.588591,1.228994,1.262107,3.056535,27.791666,30.705423,26.345455,27.168350,24.941668,24.891998
Center_summer_2024-11-07,2024-11-07,Center,summer,soft,ConvNeXtTiny-LSTM,test,25.769444,25.475461,-0.293983,0.477959,0.268470,26.750000,27.025965,25.933332,25.525946,24.625000,23.874474
Center_summer_2024-11-14,2024-11-14,Center,summer,soft,ConvNeXtTiny-LSTM,test,24.511111,23.911461,-0.599650,0.599650,0.439697,26.066668,25.863153,24.799999,23.952452,22.666666,21.918777
Center_summer_2024-11-21,2024-11-21,Center,summer,soft,ConvNeXtTiny-LSTM,test,23.555555,22.310157,-1.245399,1.245399,1.704401,25.933332,24.309559,22.866667,22.160738,21.866667,20.460173
Center_summer_2024-11-28,2024-11-28,Center,summer,soft,ConvNeXtTiny-LSTM,test,22.449999,21.626263,-0.823737,1.089971,1.488660,23.033333,23.432684,22.666666,21.536701,21.650000,19.909403
Center_summer_2024-12-01,2024-12-01,Center,summer,soft,ConvNeXtTiny-LSTM,test,22.416666,21.154172,-1.262494,1.262494,2.349035,23.033333,22.987892,22.666666,20.943291,21.549999,19.531332
Center_summer_2024-12-07,2024-12-07,Center,summer,soft,ConvNeXtTiny-LSTM,test,22.197222,22.101228,-0.095994,1.145910,1.476636,23.033333,24.608206,22.600000,21.996115,20.958334,19.699364
Center_summer_2024-12-14,2024-12-14,Center,summer,soft,ConvNeXtTiny-LSTM,test,21.533333,21.154990,-0.378344,0.516869,0.328866,22.850000,23.057789,21.650000,21.123228,20.100000,19.283953
Center_summer_2024-12-21,2024-12-21,Center,summer,soft,ConvNeXtTiny-LSTM,test,21.516667,20.126334,-1.390333,1.390333,1.992733,22.850000,21.799664,21.600000,19.986179,20.100000,18.593159
Center_summer_2024-12-28,2024-12-28,Center,summer,soft,ConvNeXtTiny-LSTM,test,21.330556,19.745186,-1.585370,1.585370,2.596820,22.850000,21.640810,21.491667,19.580364,19.650000,18.014383
Center_summer_2025-01-01,2025-01-01,Center,summer,soft,ConvNeXtTiny-LSTM,test,21.591667,19.288790,-2.302877,2.302877,5.439819,22.850000,21.068935,21.825001,19.235802,20.100000,17.561632
Center_summer_2025-01-07,2025-01-07,Center,summer,soft,ConvNeXtTiny-LSTM,test,21.466667,20.403662,-1.063005,1.063005,1.311683,22.625000,22.161852,21.600000,20.185259,20.174999,18.863874
Center_summer_2025-01-14,2025-01-14,Center,summer,soft,ConvNeXtTiny-LSTM,test,21.047222,20.397970,-0.649252,0.874444,1.060425,22.516666,22.854454,20.766666,20.101032,19.858334,18.238424
Center_summer_2025-01-21,2025-01-21,Center,summer,soft,ConvNeXtTiny-LSTM,test,21.019445,19.145893,-1.873552,1.873552,3.698232,22.516666,21.138832,20.700001,18.891243,19.841667,17.407604
Center_summer_2025-01-28,2025-01-28,Center,summer,soft,ConvNeXtTiny-LSTM,test,20.308333,22.875585,2.567252,2.567252,8.272954,22.516666,26.886173,20.674999,22.045885,17.733334,19.694696
Center_summer_2025-02-01,2025-02-01,Center,summer,soft,ConvNeXtTiny-LSTM,test,19.536111,18.773430,-0.762681,0.762681,0.667975,20.983334,20.458935,19.891666,18.715134,17.733334,17.146221
Center_summer_2025-02-07,2025-02-07,Center,summer,soft,ConvNeXtTiny-LSTM,test,19.922222,19.151640,-0.770582,0.770582,0.906562,21.158333,20.973621,20.583334,19.059692,18.025000,17.421606
Center_summer_2025-02-14,2025-02-14,Center,summer,soft,ConvNeXtTiny-LSTM,test,23.047222,19.702459,-3.344763,3.344763,13.944629,27.250000,21.558205,21.616667,19.511452,20.275000,18.037720
Center_summer_2025-02-21,2025-02-21,Center,summer,soft,ConvNeXtTiny-LSTM,test,25.030556,22.414902,-2.615654,2.615654,8.114215,28.733334,25.786903,25.775000,21.973145,20.583334,19.484657
Center_summer_2025-02-28,2025-02-28,Center,summer,soft,ConvNeXtTiny-LSTM,test,26.616667,20.431253,-6.185413,6.185413,44.495205,31.233334,22.651123,27.250000,20.016806,21.366667,18.625832
Center_summer_2025-03-01,2025-03-01,Center,summer,soft,ConvNeXtTiny-LSTM,test,26.669444,20.330543,-6.338902,6.338902,45.628715,31.233334,22.612997,27.250000,19.986179,21.525000,18.392452
Center_summer_2025-03-07,2025-03-07,Center,summer,soft,ConvNeXtTiny-LSTM,test,27.819445,24.448595,-3.370850,3.370850,12.278810,31.233334,28.220549,28.533333,23.852913,23.691668,21.272324
Center_summer_2025-03-14,2025-03-14,Center,summer,soft,ConvNeXtTiny-LSTM,test,28.811111,26.030299,-2.780812,2.780812,8.146040,32.766666,29.261042,28.733334,25.839878,24.933332,22.989977
Center_summer_2025-03-21,2025-03-21,Center,summer,soft,ConvNeXtTiny-LSTM,test,28.511112,27.766483,-0.744628,1.572854,2.601562,32.766666,30.697481,29.075001,27.667963,23.691668,24.934006
Center_summer_2025-03-28,2025-03-28,Center,summer,soft,ConvNeXtTiny-LSTM,test,29.866666,28.890028,-0.976638,1.308195,3.515962,35.208332,32.006836,29.083334,28.857580,25.308332,25.805668
Center_summer_2025-04-01,2025-04-01,Center,summer,soft,ConvNeXtTiny-LSTM,test,30.141666,29.150258,-0.991409,1.383542,3.939771,36.408333,33.025887,29.083334,28.903355,24.933332,25.521532
Center_summer_2025-04-07,2025-04-07,Center,summer,soft,ConvNeXtTiny-LSTM,test,29.463888,28.659197,-0.804691,2.282934,8.045166,36.408333,31.776896,27.174999,28.620529,24.808332,25.580168
Center_summer_2025-04-14,2025-04-14,Center,summer,soft,ConvNeXtTiny-LSTM,test,30.683333,28.101498,-2.581835,2.581835,10.762527,36.408333,30.966341,29.083334,27.833542,26.558332,25.504612
Center_summer_2025-04-21,2025-04-21,Center,summer,soft,ConvNeXtTiny-LSTM,test,31.766667,30.358441,-1.408226,1.789750,7.475395,38.216667,33.516747,30.316668,30.219624,26.766666,27.338953
Center_summer_2025-04-28,2025-04-28,Center,summer,soft,ConvNeXtTiny-LSTM,test,31.475000,30.391092,-1.083909,1.111434,3.402525,36.808334,33.615234,30.316668,30.216753,27.299999,27.341288
Center_summer_2025-05-01,2025-05-01,Center,summer,soft,ConvNeXtTiny-LSTM,test,29.880555,31.368097,1.487541,1.487541,2.235805,32.141666,33.810623,29.950001,31.247562,27.549999,29.046104
Center_summer_2025-05-07,2025-05-07,Center,summer,soft,ConvNeXtTiny-LSTM,test,30.244445,30.898627,0.654182,1.178640,1.990359,32.141666,34.403149,30.316668,30.804419,28.275000,27.488314
Center_summer_2025-05-14,2025-05-14,Center,summer,soft,ConvNeXtTiny-LSTM,test,30.425000,31.558151,1.133151,1.133151,1.304009,31.900000,33.226040,30.316668,31.398787,29.058332,30.049625
Center_summer_2025-05-21,2025-05-21,Center,summer,soft,ConvNeXtTiny-LSTM,test,30.319444,31.911072,1.591628,1.843322,5.234782,31.008333,34.654140,30.416666,31.923285,29.533333,29.155792
Center_summer_2025-05-28,2025-05-28,Center,summer,soft,ConvNeXtTiny-LSTM,test,30.816666,32.189082,1.372416,1.372416,2.656609,31.358334,33.940884,30.908333,31.923285,30.183332,30.703079
Center_summer_2025-06-01,2025-06-01,Center,summer,soft,ConvNeXtTiny-LSTM,test,31.441666,32.720957,1.279291,1.279291,1.734467,32.908333,33.747082,31.008333,32.543491,30.408333,31.872297
