tag,true_m1_cold,true_m1_p3,true_m1_p7,true_m1_p15,pred_lstm_soft_p3,pred_lstm_soft_p7,pred_lstm_soft_p15,pred_temporalfusion_soft_p3,pred_temporalfusion_soft_p7,pred_temporalfusion_soft_p15
2021-06-14,18.25,18.391666412353516,18.983333587646484,20.96666717529297,18.87653350830078,19.366262435913086,20.620521545410156,19.45685577392578,20.778888702392578,21.600061416625977
2021-06-21,18.25,19.78333282470703,20.58333396911621,21.674999237060547,19.066450119018555,19.579925537109375,20.770029067993164,18.28936767578125,19.657922744750977,20.63909912109375
2021-06-28,20.58333396911621,21.108333587646484,21.649999618530273,22.825000762939453,21.61846351623535,22.03985023498535,23.12084197998047,20.725666046142578,21.918453216552734,22.535968780517578
2021-07-01,20.58333396911621,21.258333206176758,22.075000762939453,23.024999618530273,21.62496566772461,22.0460205078125,23.11486053466797,20.744430541992188,21.936859130859375,22.564998626708984
2021-07-07,20.58333396911621,21.258333206176758,21.633333206176758,22.850000381469727,21.321508407592773,21.70947265625,22.812082290649414,20.514122009277344,21.802257537841797,22.44335174560547
2021-07-14,21.258333206176758,21.600000381469727,22.79166603088379,23.21666717529297,21.880176544189453,22.28805923461914,23.28305435180664,20.60719108581543,21.875568389892578,22.501188278198242
2021-07-21,21.483333587646484,21.633333206176758,22.941667556762695,23.366666793823242,21.70969009399414,22.07071304321289,23.234853744506836,20.507932662963867,21.72313117980957,22.391437530517578
2021-07-28,21.383333206176758,21.600000381469727,22.299999237060547,23.241666793823242,21.650997161865234,22.089250564575195,23.13880157470703,20.353755950927734,21.601987838745117,22.26508140563965
2021-08-01,21.383333206176758,21.600000381469727,22.299999237060547,23.274999618530273,21.76199722290039,22.169784545898438,23.228837966918945,20.237316131591797,21.499570846557617,22.139490127563477
2021-08-07,21.383333206176758,21.816667556762695,22.741666793823242,23.366666793823242,21.61196517944336,21.929134368896484,23.186769485473633,20.127580642700195,21.439559936523438,22.071304321289062
2021-08-14,20.858333587646484,21.383333206176758,22.141666412353516,22.858333587646484,21.932918548583984,22.35685157775879,23.385868072509766,19.964008331298828,21.260555267333984,21.929956436157227
2021-08-21,20.066667556762695,20.233333587646484,21.383333206176758,22.59166717529297,21.50822639465332,21.94754409790039,23.025333404541016,19.765731811523438,21.11254119873047,21.817554473876953
2021-08-28,17.933332443237305,20.066667556762695,20.758333206176758,21.899999618530273,21.117389678955078,21.50414276123047,22.659454345703125,19.105649948120117,20.444610595703125,21.225982666015625
2021-09-01,17.933332443237305,19.33333396911621,20.233333587646484,21.475000381469727,20.984506607055664,21.348482131958008,22.519575119018555,19.356794357299805,20.778888702392578,21.500415802001953
2021-09-07,17.933332443237305,18.825000762939453,19.700000762939453,20.758333206176758,20.228557586669922,20.592697143554688,21.772296905517578,19.105649948120117,20.56505012512207,21.302480697631836
2021-09-14,17.308332443237305,17.933332443237305,18.825000762939453,20.15833282470703,19.800527572631836,20.204700469970703,21.367019653320312,17.988128662109375,19.55321502685547,20.39842987060547
2021-09-21,17.308332443237305,17.774999618530273,18.016666412353516,19.33333396911621,19.13589859008789,19.63502311706543,20.80219078063965,18.194141387939453,19.71875762939453,20.55948829650879
2021-09-28,16.308332443237305,16.53333282470703,17.424999237060547,18.549999237060547,16.336528778076172,17.227834701538086,18.78515625,16.34189796447754,17.94548225402832,18.992692947387695
2021-10-01,15.908333778381348,16.399999618530273,17.424999237060547,18.133333206176758,17.432701110839844,18.230710983276367,19.5554256439209,16.428369522094727,18.00755500793457,19.080217361450195
2021-10-07,15.272727012634277,16.308332443237305,16.709091186523438,17.975000381469727,14.972273826599121,15.972315788269043,17.63698387145996,14.667867660522461,16.23607635498047,17.495969772338867
2021-10-14,12.100000381469727,14.850000381469727,15.772727012634277,16.975000381469727,16.939319610595703,17.716184616088867,19.125019073486328,14.338316917419434,15.891286849975586,17.20291519165039
2021-10-21,12.100000381469727,14.850000381469727,15.558333396911621,16.524999618530273,12.59433650970459,14.166626930236816,15.586836814880371,12.354597091674805,13.911699295043945,15.315900802612305
2021-10-28,12.100000381469727,12.858333587646484,13.241666793823242,15.641666412353516,13.731464385986328,14.894172668457031,16.581012725830078,12.242103576660156,13.787755012512207,15.22275447845459
2021-11-01,12.100000381469727,12.524999618530273,13.216666221618652,15.272727012634277,13.667806625366211,14.860405921936035,16.486295700073242,11.525014877319336,13.095819473266602,14.508295059204102
2021-11-07,10.908333778381348,11.800000190734863,12.858333587646484,13.833333015441895,12.839493751525879,14.099493026733398,15.62959098815918,8.374979972839355,10.20980453491211,11.648102760314941
2021-11-14,10.808333396911621,11.641666412353516,11.983333587646484,13.216666221618652,8.675273895263672,10.250307083129883,11.972505569458008,7.37476921081543,9.172721862792969,10.625364303588867
2021-11-21,9.516666412353516,10.391666412353516,11.350000381469727,12.524999618530273,8.513382911682129,9.930251121520996,11.89224910736084,8.396438598632812,10.140295028686523,11.60763168334961
2021-11-28,6.574999809265137,8.175000190734863,10.391666412353516,11.641666412353516,6.631101131439209,7.968430995941162,9.819032669067383,7.739870071411133,9.48063850402832,10.951775550842285
2021-12-01,6.574999809265137,8.175000190734863,9.516666412353516,11.233333587646484,5.838921070098877,7.480137825012207,10.036133766174316,6.975982189178467,8.68464469909668,10.22777271270752
2021-12-07,6.574999809265137,8.175000190734863,9.316666603088379,11.066666603088379,7.870089530944824,9.129645347595215,10.840489387512207,7.488731384277344,9.172721862792969,10.685749053955078
2021-12-14,6.574999809265137,7.75,8.550000190734863,9.850000381469727,7.689727783203125,9.060022354125977,10.803910255432129,6.885206699371338,8.504207611083984,10.034500122070312
2021-12-21,2.924999952316284,6.3416666984558105,8.158333778381348,9.125,5.347375869750977,6.637059688568115,8.515193939208984,6.116745948791504,7.682922840118408,9.25544548034668
2021-12-28,2.924999952316284,4.191666603088379,6.208333492279053,8.550000190734863,6.5852508544921875,7.708591461181641,9.333792686462402,6.263158798217773,7.824718475341797,9.377975463867188
2022-01-01,2.924999952316284,4.191666603088379,5.616666793823242,7.883333206176758,7.480474948883057,8.61628246307373,10.235124588012695,6.610783576965332,8.150269508361816,9.708672523498535
2022-01-07,2.924999952316284,4.191666603088379,5.616666793823242,7.558333396911621,7.325180530548096,8.495831489562988,10.063124656677246,6.890890121459961,8.438251495361328,9.975116729736328
2022-01-14,2.924999952316284,4.191666603088379,5.616666793823242,7.433333396911621,6.458695888519287,7.651699542999268,9.177091598510742,6.280665397644043,7.830371379852295,9.361308097839355
2022-01-21,4.191666603088379,5.275000095367432,6.208333492279053,7.650000095367432,5.850774765014648,6.980660438537598,8.619293212890625,6.3447418212890625,7.869903087615967,9.366865158081055
2022-01-28,5.5333333015441895,6.741666793823242,7.241666793823242,9.016666412353516,5.7200398445129395,6.702658653259277,8.4454984664917,6.32728385925293,7.869903087615967,9.361308097839355
2022-02-01,5.866666793823242,6.791666507720947,7.650000095367432,9.091666221618652,5.779560565948486,6.726461410522461,8.474566459655762,6.414439678192139,7.965617656707764,9.455588340759277
2022-02-07,5.866666793823242,7.1583333015441895,7.8416666984558105,9.516666412353516,6.080662250518799,7.056914329528809,8.734347343444824,6.570495128631592,8.139120101928711,9.609987258911133
2022-02-14,4.724999904632568,7.1583333015441895,7.8416666984558105,9.725000381469727,6.83065128326416,7.736982345581055,9.555691719055176,6.702611923217773,8.278088569641113,9.719611167907715
2022-02-21,3.625,4.724999904632568,7.383333206176758,8.583333015441895,6.716829299926758,7.657395362854004,9.300310134887695,7.100244522094727,8.700981140136719,10.136707305908203
2022-02-28,3.625,4.724999904632568,6.233333110809326,7.8416666984558105,7.532948017120361,8.495831489562988,10.18687915802002,7.552438259124756,9.159366607666016,10.572732925415039
2022-03-01,3.625,4.724999904632568,6.233333110809326,7.8416666984558105,7.769129753112793,8.828333854675293,10.496061325073242,7.621505260467529,9.212745666503906,10.622735023498535
2022-03-07,3.625,4.724999904632568,6.233333110809326,7.875,6.77949857711792,7.799313545227051,9.76989459991455,7.928696155548096,9.546528816223145,10.938800811767578
2022-03-14,3.625,4.7833333015441895,7.316666603088379,8.281818389892578,5.803324222564697,6.845074653625488,8.54416275024414,7.890491962432861,9.533363342285156,10.907633781433105
2022-03-21,4.666666507720947,6.233333110809326,7.816666603088379,10.466666221618652,5.998409748077393,6.974783420562744,8.740082740783691,8.58085823059082,10.230368614196777,11.592440605163574
2022-03-28,7.816666603088379,8.281818389892578,10.399999618530273,12.600000381469727,6.943933010101318,7.912200927734375,9.58878231048584,9.046213150024414,10.694568634033203,12.064698219299316
2022-04-01,8.166666984558105,10.133333206176758,10.636363983154297,13.600000381469727,9.257392883300781,10.567018508911133,12.331110000610352,10.526121139526367,12.118606567382812,13.489569664001465
2022-04-07,8.166666984558105,10.133333206176758,11.375,14.675000190734863,13.281272888183594,13.938542366027832,15.929646492004395,11.056634902954102,12.63493824005127,14.03154468536377
2022-04-14,8.166666984558105,10.133333206176758,11.574999809265137,14.191666603088379,10.621721267700195,11.879767417907715,13.79826545715332,11.483343124389648,13.043917655944824,14.465765953063965
2022-04-21,10.524999618530273,11.375,13.5,14.699999809265137,11.90813159942627,13.217452049255371,14.799866676330566,12.093667984008789,13.619132995605469,15.054757118225098
2022-04-28,11.375,12.591666221618652,14.041666984558105,15.358333587646484,14.781211853027344,15.538084983825684,17.428897857666016,13.06951904296875,14.570395469665527,16.00484275817871
2022-05-01,11.574999809265137,13.024999618530273,14.191666603088379,15.683333396911621,16.756450653076172,17.37204933166504,19.067276000976562,15.946438789367676,17.364580154418945,18.659852981567383
2022-05-07,11.574999809265137,13.024999618530273,14.191666603088379,16.441667556762695,13.652978897094727,14.68629264831543,16.436016082763672,13.133162498474121,14.648348808288574,16.099584579467773
2022-05-14,14.041666984558105,14.449999809265137,16.174999237060547,17.766666412353516,15.32620620727539,15.985785484313965,17.8544864654541,13.728937149047852,15.186605453491211,16.63700294494629
2022-05-21,15.024999618530273,16.441667556762695,17.108333587646484,18.816667556762695,15.932183265686035,16.733905792236328,18.40705108642578,15.247811317443848,16.701488494873047,18.074214935302734
2022-05-28,16.441667556762695,16.941667556762695,18.225000381469727,19.325000762939453,17.003192901611328,17.72900390625,19.1904296875,18.026973724365234,19.36153793334961,20.408958435058594
2022-06-01,16.441667556762695,16.941667556762695,18.75,20.29166603088379,19.228824615478516,19.712379455566406,21.006935119628906,18.46962547302246,19.774202346801758,20.799135208129883
2022-06-07,18.125,18.75,19.649999618530273,20.600000381469727,17.484149932861328,18.18899917602539,19.529924392700195,17.54281997680664,18.90761947631836,20.024978637695312
2022-06-14,18.75,19.325000762939453,20.299999237060547,20.674999237060547,19.950288772583008,20.34086036682129,21.57148551940918,19.36854362487793,20.703514099121094,21.516990661621094
2022-06-21,18.75,19.96666717529297,20.59166717529297,20.950000762939453,20.43041229248047,20.760286331176758,21.963699340820312,19.450958251953125,20.825403213500977,21.62226676940918
2022-06-28,18.75,19.96666717529297,20.375,21.016666412353516,21.44365119934082,21.77025604248047,22.912504196166992,20.656993865966797,21.912321090698242,22.535968780517578
2022-07-01,18.799999237060547,20.054546356201172,20.674999237060547,21.79166603088379,20.821136474609375,21.12894058227539,22.346057891845703,20.452301025390625,21.72313117980957,22.397197723388672
2022-07-07,18.799999237060547,20.149999618530273,21.016666412353516,22.29166603088379,21.40500259399414,21.745922088623047,22.85337257385254,20.402973175048828,21.73528480529785,22.374160766601562
2022-07-14,20.054546356201172,20.850000381469727,22.149999618530273,22.516666412353516,21.372848510742188,21.752002716064453,22.85337257385254,20.725666046142578,21.979873657226562,22.61153221130371
2022-07-21,20.054546356201172,21.225000381469727,22.149999618530273,22.54166603088379,21.899940490722656,22.319299697875977,23.331371307373047,20.632078170776367,21.88168716430664,22.506980895996094
2022-07-28,21.08333396911621,21.308332443237305,22.149999618530273,22.799999237060547,21.14279556274414,21.45012855529785,22.653606414794922,20.439958572387695,21.741363525390625,22.374160766601562
2022-08-01,21.08333396911621,21.399999618530273,22.200000762939453,23.08333396911621,21.755451202392578,22.126380920410156,23.222822189331055,20.514122009277344,21.802257537841797,22.437576293945312
2022-08-07,21.08333396911621,21.399999618530273,22.200000762939453,23.20833396911621,21.521163940429688,21.965972900390625,23.037246704101562,20.170188903808594,21.463542938232422,22.150875091552734
2022-08-14,20.133333206176758,21.266666412353516,21.600000381469727,22.899999618530273,21.24472999572754,21.594478607177734,22.729755401611328,20.194576263427734,21.523622512817383,22.173667907714844
2022-08-21,20.133333206176758,21.08333396911621,21.683332443237305,22.700000762939453,21.547067642211914,21.94140625,23.04916763305664,20.006298065185547,21.331974029541016,22.014650344848633
2022-08-28,19.5,20.29166603088379,20.725000381469727,21.774999618530273,21.385704040527344,21.819011688232422,22.93620491027832,19.462757110595703,20.83122444152832,21.58342170715332
2022-09-01,19.399999618530273,19.516666412353516,20.575000762939453,21.424999237060547,20.590797424316406,21.064109802246094,22.29428482055664,19.268871307373047,20.639942169189453,21.41222381591797
2022-09-07,19.399999618530273,19.516666412353516,20.29166603088379,21.058332443237305,21.0350284576416,21.390277862548828,22.537006378173828,19.498188018798828,20.901206970214844,21.611160278320312
2022-09-14,17.424999237060547,18.399999618530273,19.5,20.625,21.003437042236328,21.348482131958008,22.48475456237793,19.169633865356445,20.56505012512207,21.346311569213867
2022-09-21,17.424999237060547,17.616666793823242,18.683332443237305,19.65833282470703,19.07801055908203,19.5964412689209,20.743261337280273,18.194141387939453,19.707685470581055,20.570087432861328
2022-09-28,16.799999237060547,17.266666412353516,18.116666793823242,19.241666793823242,17.340877532958984,18.103164672851562,19.43831443786621,16.795202255249023,18.385499954223633,19.41013526916504
2022-10-01,16.799999237060547,17.266666412353516,17.616666793823242,18.816667556762695,18.529468536376953,19.159896850585938,20.42176055908203,17.597389221191406,19.02838897705078,19.986125946044922
2022-10-07,14.741666793823242,15.466666221618652,17.266666412353516,18.316667556762695,15.585874557495117,16.589702606201172,18.193862915039062,15.848260879516602,17.430574417114258,18.566085815429688
2022-10-14,13.5,14.149999618530273,15.699999809265137,17.450000762939453,15.005027770996094,16.015188217163086,17.691259384155273,14.739533424377441,16.308778762817383,17.558385848999023
2022-10-21,12.625,13.5,14.983333587646484,16.66666603088379,13.933204650878906,15.106664657592773,16.71556854248047,13.776094436645508,15.33497428894043,16.670133590698242
2022-10-28,12.625,13.066666603088379,14.033333778381348,15.699999809265137,13.38205337524414,14.664619445800781,16.259336471557617,12.736342430114746,14.286827087402344,15.6769437789917
2022-11-01,12.591666221618652,12.875,13.691666603088379,14.983333587646484,12.364952087402344,13.887819290161133,15.388383865356445,13.14521312713623,14.701946258544922,16.08016014099121
2022-11-07,11.016666412353516,11.399999618530273,12.675000190734863,14.033333778381348,10.591553688049316,12.16028881072998,13.45415210723877,10.727859497070312,12.356599807739258,13.760017395019531
2022-11-14,10.625,11.016666412353516,11.675000190734863,12.991666793823242,9.916566848754883,11.423017501831055,13.272138595581055,8.610153198242188,10.402050971984863,11.849603652954102
2022-11-21,10.625,11.016666412353516,11.399999618530273,12.883333206176758,10.234426498413086,11.30121898651123,13.269722938537598,8.323951721191406,10.117090225219727,11.54935359954834
2022-11-28,10.524999618530273,10.774999618530273,11.183333396911621,12.083333015441895,7.85646915435791,9.097535133361816,11.107990264892578,7.789259433746338,9.549161911010742,11.029485702514648
2022-12-01,9.016666412353516,9.658333778381348,10.949999809265137,11.675000190734863,7.845566749572754,9.11627197265625,11.082141876220703,8.026687622070312,9.792852401733398,11.261221885681152
2022-12-07,9.016666412353516,9.658333778381348,10.524999618530273,11.675000190734863,7.180108070373535,8.402332305908203,10.13315486907959,7.26868200302124,8.979720115661621,10.475061416625977
2022-12-14,8.508333206176758,8.616666793823242,9.658333778381348,11.358333587646484,7.447278022766113,8.703502655029297,10.389904975891113,7.402612209320068,9.105875015258789,10.583269119262695
2022-12-21,7.891666889190674,8.508333206176758,9.024999618530273,10.524999618530273,6.5163068771362305,7.793654441833496,9.494895935058594,7.122769832611084,8.760786056518555,10.286506652832031
2022-12-28,7.6583333015441895,7.983333110809326,8.616666793823242,9.516666412353516,6.85335111618042,8.041322708129883,9.682268142700195,6.622281551361084,8.20592975616455,9.746932029724121
2023-01-01,7.5333333015441895,7.891666889190674,8.591666221618652,9.649999618530273,7.3084845542907715,8.501319885253906,10.095473289489746,6.668219089508057,8.24481201171875,9.806920051574707
2023-01-07,7.5333333015441895,7.891666889190674,8.591666221618652,9.483333587646484,7.419580459594727,8.578023910522461,9.987467765808105,6.298158168792725,7.881185054779053,9.427901268005371
2023-01-14,5.491666793823242,6.525000095367432,7.891666889190674,8.966666221618652,6.255917549133301,7.497354984283447,8.96256160736084,6.2105584144592285,7.773776054382324,9.305655479431152
2023-01-21,4.125,5.491666793823242,6.383333206176758,8.0,6.711123466491699,7.821937561035156,9.500429153442383,6.7140655517578125,8.272544860839844,9.796024322509766
2023-01-28,4.125,5.491666793823242,6.383333206176758,8.0,6.932629108428955,8.214202880859375,9.862621307373047,6.930636882781982,8.49871826171875,9.991328239440918
2023-02-01,4.125,5.491666793823242,6.383333206176758,8.0,6.021941661834717,7.249265670776367,8.837352752685547,6.599279403686523,8.166980743408203,9.664867401123047
2023-02-07,4.125,5.491666793823242,6.383333206176758,8.0,6.010178565979004,7.2086076736450195,8.848766326904297,6.725513458251953,8.294708251953125,9.779672622680664
2023-02-14,4.125,5.491666793823242,7.3416666984558105,9.741666793823242,6.185978412628174,7.365009784698486,8.985246658325195,6.731235504150391,8.30024528503418,9.76330852508545
2023-02-21,7.675000190734863,7.858333110809326,9.708333015441895,10.191666603088379,7.924502849578857,9.191076278686523,10.685966491699219,7.491505146026611,9.076406478881836,10.525266647338867
2023-02-28,7.675000190734863,9.741666793823242,9.916666984558105,12.066666603088379,8.699085235595703,10.067476272583008,11.685590744018555,8.148680686950684,9.724942207336426,11.137886047363281
2023-03-01,7.675000190734863,9.741666793823242,9.916666984558105,11.975000381469727,9.381909370422363,10.554308891296387,12.288983345031738,8.059272766113281,9.635881423950195,11.029485702514648
2023-03-07,7.675000190734863,8.916666984558105,9.833333015441895,11.358333587646484,9.145458221435547,10.3937349319458,12.23935317993164,8.925256729125977,10.504097938537598,11.889738082885742
2023-03-14,8.225000381469727,9.541666984558105,10.183333396911621,11.975000381469727,8.288970947265625,9.606563568115234,11.4697847366333,9.512737274169922,11.082351684570312,12.431438446044922
2023-03-21,8.225000381469727,9.541666984558105,10.191666603088379,12.300000190734863,7.168912887573242,8.43537425994873,10.176143646240234,8.240497589111328,9.902207374572754,11.286844253540039
2023-03-28,8.225000381469727,9.541666984558105,10.641666412353516,11.975000381469727,9.095878601074219,10.424384117126465,12.192133903503418,10.215600967407227,11.77132511138916,13.168110847473145
2023-04-01,8.225000381469727,9.541666984558105,10.983333587646484,12.708333015441895,6.671146392822266,7.968430995941162,9.753490447998047,9.0672025680542,10.717350959777832,12.074665069580078
2023-04-07,9.850000381469727,10.641666412353516,11.199999809265137,13.225000381469727,9.4879150390625,10.77475643157959,12.572930335998535,10.534963607788086,12.119829177856445,13.506363868713379
2023-04-14,9.850000381469727,11.199999809265137,11.683333396911621,14.141666412353516,8.643495559692383,9.94322395324707,11.74875259399414,10.347664833068848,11.975318908691406,13.383867263793945
2023-04-21,10.641666412353516,11.208333015441895,12.183333396911621,14.666666984558105,12.143162727355957,13.461884498596191,15.11912727355957,12.108826637268066,13.656712532043457,15.089747428894043
2023-04-28,11.208333015441895,13.225000381469727,14.458333015441895,15.433333396911621,12.505475044250488,13.789666175842285,15.37918472290039,12.591577529907227,14.093914031982422,15.531342506408691
2023-05-01,11.208333015441895,13.649999618530273,14.741666793823242,15.75,11.329885482788086,12.67129135131836,14.234174728393555,12.405110359191895,13.912976264953613,15.35593032836914
2023-05-07,14.141666412353516,14.666666984558105,15.241666793823242,17.108333587646484,14.140987396240234,15.106664657592773,16.9580078125,14.193488121032715,15.633828163146973,17.05636978149414
2023-05-14,14.666666984558105,15.016666412353516,16.049999237060547,17.933332443237305,14.647122383117676,15.478555679321289,17.285064697265625,14.475939750671387,15.948796272277832,17.346248626708984
2023-05-21,14.741666793823242,16.049999237060547,17.308332443237305,18.21666717529297,14.76490306854248,15.688974380493164,17.492551803588867,14.686717987060547,16.153650283813477,17.540372848510742
2023-05-28,16.049999237060547,16.433332443237305,17.90833282470703,19.375,16.590438842773438,17.326440811157227,18.927143096923828,14.815072059631348,16.287818908691406,17.632909774780273
2023-06-01,16.433332443237305,17.649999618530273,17.991666793823242,19.433332443237305,16.708927154541016,17.468542098999023,18.922151565551758,15.86374568939209,17.27847671508789,18.610469818115234
2023-06-07,17.649999618530273,17.933332443237305,19.116666793823242,19.616666793823242,17.66636085510254,18.345741271972656,19.616724014282227,17.30400848388672,18.710264205932617,19.859617233276367
2023-06-14,18.200000762939453,19.116666793823242,19.45833396911621,20.233333587646484,18.07063865661621,18.654020309448242,19.91242027282715,18.76544761657715,20.14919090270996,21.10630226135254
2023-06-21,19.116666793823242,19.28333282470703,19.58333396911621,21.15833282470703,19.089576721191406,19.55792236328125,20.770029067993164,18.77117347717285,20.154834747314453,21.062938690185547
2023-06-28,19.266666412353516,20.066667556762695,20.950000762939453,22.183332443237305,20.78986358642578,21.087661743164062,22.317279815673828,20.133663177490234,21.445552825927734,22.139490127563477
2023-07-01,19.45833396911621,20.46666717529297,21.16666603088379,22.29166603088379,21.15550994873047,21.522178649902344,22.688716888427734,20.2189884185791,21.54168128967285,22.213611602783203
2023-07-07,20.700000762939453,21.16666603088379,22.016666412353516,22.608333587646484,21.263898849487305,21.612594604492188,22.776758193969727,20.415294647216797,21.72920799255371,22.37991714477539
2023-07-14,20.700000762939453,21.15833282470703,22.183332443237305,22.79166603088379,20.73992156982422,21.158475875854492,22.357580184936523,20.316917419433594,21.638256072998047,22.276535034179688
2023-07-21,20.700000762939453,21.674999237060547,22.241666793823242,23.524999618530273,21.683582305908203,22.07071304321289,23.186769485473633,20.50174331665039,21.759613037109375,22.37991714477539
2023-07-28,21.149999618530273,22.21666717529297,23.024999618530273,23.991666793823242,21.50822639465332,21.867881774902344,23.079002380371094,20.421457290649414,21.680648803710938,22.29946517944336
2023-08-01,21.149999618530273,22.558332443237305,23.024999618530273,23.991666793823242,21.70315933227539,22.120187759399414,23.198780059814453,20.24342918395996,21.523622512817383,22.207901000976562
2023-08-07,21.149999618530273,22.100000381469727,22.95833396911621,23.991666793823242,21.670543670654297,22.03985023498535,23.13880157470703,20.237316131591797,21.54168128967285,22.17936897277832
2023-08-14,21.024999618530273,21.899999618530273,22.20833396911621,23.41666603088379,21.2000732421875,21.618637084960938,22.82976722717285,19.604820251464844,20.860355377197266,21.633378982543945
2023-08-21,19.633333206176758,20.391666412353516,21.241666793823242,22.78333282470703,20.8649959564209,21.277027130126953,22.473159790039062,19.403827667236328,20.72667694091797,21.52804946899414
2023-08-28,19.633333206176758,20.100000381469727,20.66666603088379,21.899999618530273,21.53411102294922,21.90460968017578,23.037246704101562,19.551441192626953,20.872018814086914,21.63893699645996
2023-09-01,19.383333206176758,19.941667556762695,20.16666603088379,21.58333396911621,21.67706298828125,22.120187759399414,23.162771224975586,19.333316802978516,20.67459487915039,21.43423843383789
2023-09-07,19.383333206176758,19.941667556762695,20.16666603088379,21.241666793823242,20.25901985168457,20.667661666870117,21.862152099609375,19.123083114624023,20.56505012512207,21.297006607055664
2023-09-14,18.254545211791992,19.316667556762695,19.941667556762695,20.66666603088379,20.510454177856445,20.876630783081055,22.0998592376709,18.897480010986328,20.30208969116211,21.10630226135254
2023-09-21,17.81818199157715,18.100000381469727,19.063636779785156,20.125,18.15393829345703,18.773555755615234,20.05243492126465,17.927204132080078,19.47087860107422,20.361618041992188
2023-09-28,16.990909576416016,17.96363639831543,18.990909576416016,19.57272720336914,20.23464584350586,20.6387996673584,21.83965301513672,17.852630615234375,19.377906799316406,20.285537719726562
2023-10-01,16.990909576416016,17.96363639831543,18.990909576416016,19.945453643798828,18.92817497253418,19.45915985107422,20.668474197387695,17.298606872558594,18.84344482421875,19.823585510253906
2023-10-07,15.772727012634277,17.563636779785156,18.254545211791992,19.472726821899414,17.348966598510742,18.147350311279297,19.44847869873047,16.200885772705078,17.770313262939453,18.87803840637207
2023-10-14,15.563636779785156,15.772727012634277,16.990909576416016,19.200000762939453,15.170395851135254,16.153854370117188,17.832687377929688,15.151308059692383,16.726388931274414,17.964967727661133
2023-10-21,15.054545402526855,15.563636779785156,16.236364364624023,18.200000762939453,14.722272872924805,15.796282768249512,17.474529266357422,13.994180679321289,15.554734230041504,16.876930236816406
2023-10-28,13.57272720336914,14.245454788208008,15.210000038146973,16.727272033691406,15.573107719421387,16.45465850830078,18.05484390258789,10.404690742492676,12.077007293701172,13.391082763671875
2023-11-01,10.5,13.57272720336914,14.829999923706055,15.772727012634277,16.331315994262695,17.212690353393555,18.710678100585938,13.13254451751709,14.692309379577637,16.03043556213379
2023-11-07,10.5,11.690909385681152,13.745454788208008,15.272727012634277,14.791250228881836,15.769436836242676,17.51659393310547,12.40124797821045,13.95881175994873,15.392210960388184
2023-11-14,10.472726821899414,11.018181800842285,11.690909385681152,14.245454788208008,11.850083351135254,13.333697319030762,14.63155460357666,10.70268440246582,12.32979679107666,13.715834617614746
2023-11-21,10.418181419372559,10.5,11.46363639831543,12.445454597473145,10.268616676330566,11.74199390411377,13.45415210723877,8.962118148803711,10.7451753616333,12.18161678314209
2023-11-28,10.418181419372559,10.5,11.46363639831543,12.290908813476562,8.862615585327148,10.211774826049805,12.07502555847168,8.482111930847168,10.248350143432617,11.716266632080078
2023-12-01,10.418181419372559,10.890909194946289,11.318181991577148,12.290908813476562,7.26948356628418,8.578023910522461,10.551604270935059,8.186525344848633,9.935970306396484,11.404394149780273
2023-12-07,10.018181800842285,10.472726821899414,11.109090805053711,11.881817817687988,8.712305068969727,10.026118278503418,11.87968921661377,9.471291542053223,11.159908294677734,12.581426620483398
2023-12-14,9.5,10.209091186523438,11.045454978942871,11.681818008422852,7.938088893890381,9.268321990966797,11.02518367767334,8.189226150512695,9.904806137084961,11.38143539428711
2023-12-21,7.872727394104004,8.300000190734863,10.136363983154297,11.318181991577148,6.756729602813721,7.990884304046631,9.758960723876953,6.5012664794921875,8.144695281982422,9.692256927490234
2023-12-28,7.872727394104004,8.300000190734863,10.018181800842285,11.045454978942871,7.760927200317383,9.022452354431152,10.628097534179688,7.26308536529541,8.901559829711914,10.387611389160156
2024-01-01,7.872727394104004,8.300000190734863,9.5,10.949999809265137,6.659711837768555,7.867114543914795,9.500429153442383,6.696883201599121,8.294708251953125,9.828693389892578
2024-01-07,6.610000133514404,7.872727394104004,8.640000343322754,9.930000305175781,7.812835216522217,9.092180252075195,10.670197486877441,8.554203033447266,10.21237564086914,11.648102760314941
2024-01-14,6.610000133514404,7.872727394104004,8.489999771118164,9.640000343322754,6.556549072265625,7.759668350219727,9.42282485961914,6.839689254760742,8.410717010498047,9.948073387145996
2024-01-21,6.610000133514404,8.300000190734863,9.0,10.520000457763672,6.977813243865967,8.153007507324219,9.709688186645508,6.280665397644043,7.881185054779053,9.400178909301758
2024-01-28,6.610000133514404,8.300000190734863,8.640000343322754,9.818181991577148,6.8930230140686035,8.08606243133545,9.621822357177734,6.759824275970459,8.322381973266602,9.850446701049805
2024-02-01,6.610000133514404,8.489999771118164,8.718181610107422,9.84000015258789,5.844849109649658,7.0686211585998535,8.66539192199707,6.2514801025390625,7.802091598510742,9.316797256469727
2024-02-07,8.489999771118164,8.627272605895996,9.372727394104004,10.781818389892578,7.4915313720703125,8.638117790222168,10.090084075927734,6.633774280548096,8.211488723754883,9.703202247619629
2024-02-14,7.872727394104004,8.609090805053711,8.827272415161133,10.520000457763672,7.717134952545166,8.941755294799805,10.580647468566895,7.969569206237793,9.533363342285156,10.977705001831055
2024-02-21,7.872727394104004,8.609090805053711,8.827272415161133,10.336363792419434,7.297347545623779,8.424365997314453,9.971222877502441,6.936310291290283,8.520668029785156,9.985925674438477
2024-02-28,7.872727394104004,8.672727584838867,9.5,10.527273178100586,7.78552770614624,8.949836730957031,10.525171279907227,8.026687622070312,9.593870162963867,11.019137382507324
2024-03-01,7.872727394104004,8.672727584838867,9.5090913772583,11.327272415161133,8.457443237304688,9.67212963104248,11.413654327392578,7.302232265472412,8.915054321289062,10.339773178100586
2024-03-07,7.872727394104004,8.672727584838867,9.899999618530273,11.554545402526855,8.248710632324219,9.522407531738281,11.030366897583008,7.876834392547607,9.4727201461792,10.892036437988281
2024-03-14,9.390909194946289,10.118182182312012,11.327272415161133,12.909090995788574,8.232589721679688,9.577665328979492,11.446836471557617,8.711128234863281,10.294541358947754,11.67589282989502
2024-03-21,9.5090913772583,10.354545593261719,12.5090913772583,14.100000381469727,8.003206253051758,9.21773910522461,10.978487014770508,8.326640129089355,9.9515380859375,11.338016510009766
2024-03-28,11.763636589050293,12.708333015441895,13.266666412353516,14.816666603088379,8.757211685180664,10.033878326416016,11.949954986572266,9.742423057556152,11.329484939575195,12.686772346496582
2024-04-01,11.763636589050293,12.708333015441895,13.266666412353516,15.183333396911621,14.247882843017578,14.877891540527344,17.019941329956055,12.853489875793457,14.323796272277832,15.716461181640625
2024-04-07,12.708333015441895,13.083333015441895,14.083333015441895,15.975000381469727,12.088293075561523,13.490757942199707,15.093500137329102,10.930108070373535,12.491658210754395,13.878067016601562
2024-04-14,11.875,13.083333015441895,15.183333396911621,16.975000381469727,12.44884204864502,13.62785530090332,15.21042251586914,12.312572479248047,13.82096004486084,15.234362602233887
2024-04-21,11.875,13.858333587646484,15.116666793823242,17.058332443237305,13.129426956176758,14.448639869689941,16.064626693725586,12.395997047424316,13.894574165344238,15.323539733886719
2024-04-28,11.875,14.875,16.233333587646484,17.600000381469727,15.986343383789062,16.921167373657227,18.52275276184082,15.734904289245605,17.16485595703125,18.475032806396484
2024-05-01,11.875,14.875,16.233333587646484,17.366666793823242,15.734274864196777,16.718963623046875,18.218305587768555,15.32796573638916,16.776241302490234,18.122865676879883
2024-05-07,11.875,14.875,16.024999618530273,17.600000381469727,13.985257148742676,15.164698600769043,16.77847671508789,12.927599906921387,14.443754196166992,15.867226600646973
2024-05-14,14.875,15.116666793823242,16.983333587646484,19.308332443237305,14.229227066040039,15.368134498596191,17.01398468017578,14.611353874206543,16.110647201538086,17.488773345947266
2024-05-21,15.916666984558105,16.983333587646484,18.358333587646484,20.258333206176758,17.126008987426758,17.854915618896484,19.42815399169922,17.485641479492188,18.878185272216797,19.968015670776367
2024-05-28,15.916666984558105,16.983333587646484,19.41666603088379,20.90833282470703,17.30315589904785,18.053863525390625,19.3850154876709,17.067235946655273,18.54078483581543,19.669715881347656
2024-06-01,15.916666984558105,19.41666603088379,20.508333206176758,21.483333587646484,16.56416893005371,17.412643432617188,18.834903717041016,15.693767547607422,17.134618759155273,18.475032806396484
2024-06-07,19.41666603088379,20.491666793823242,20.91666603088379,22.28333282470703,20.946693420410156,21.28891944885254,22.519575119018555,20.600975036621094,21.8083553314209,22.454906463623047
2024-06-14,19.41666603088379,20.90833282470703,21.733333587646484,22.733333587646484,21.34074592590332,21.727689743041992,22.90658187866211,20.470829010009766,21.656414031982422,22.33965301513672
2024-06-21,20.90833282470703,21.274999618530273,22.20833396911621,22.91666603088379,21.56003189086914,21.94140625,23.10887908935547,20.439958572387695,21.72920799255371,22.40296173095703
2024-06-28,21.274999618530273,21.733333587646484,22.83333396911621,23.58333396911621,21.579490661621094,21.959827423095703,23.126827239990234,20.421457290649414,21.662471771240234,22.33965301513672
2024-07-01,21.274999618530273,21.733333587646484,22.83333396911621,23.58333396911621,21.27668571472168,21.64887046813965,22.806190490722656,20.390657424926758,21.680648803710938,22.328161239624023
2024-07-07,21.299999237060547,22.391666412353516,22.883333206176758,23.691667556762695,21.130088806152344,21.45612335205078,22.6945743560791,20.446128845214844,21.71098518371582,22.345399856567383
2024-07-14,21.299999237060547,22.20833396911621,23.066667556762695,23.75,21.775096893310547,22.13257598876953,23.30719757080078,20.30465316772461,21.58991241455078,22.23647117614746
2024-07-21,21.649999618530273,22.600000381469727,22.941667556762695,23.75,21.82756996154785,22.188411712646484,23.367687225341797,20.145832061767578,21.397655487060547,22.105369567871094
2024-07-28,21.649999618530273,22.600000381469727,22.899999618530273,23.549999237060547,21.482372283935547,21.84343147277832,23.037246704101562,19.964008331298828,21.242738723754883,21.935592651367188
2024-08-01,21.649999618530273,22.600000381469727,22.899999618530273,23.608333587646484,21.722753524780273,22.058361053466797,23.222822189331055,19.92180061340332,21.195301055908203,21.913057327270508
2024-08-07,21.649999618530273,22.299999237060547,22.899999618530273,23.75,21.76199722290039,22.107807159423828,23.270992279052734,19.765731811523438,21.11254119873047,21.83437728881836
2024-08-14,21.433332443237305,22.200000762939453,22.641666412353516,23.15833282470703,21.67706298828125,22.058361053466797,23.198780059814453,19.462757110595703,20.784696578979492,21.572336196899414
2024-08-21,20.54166603088379,21.433332443237305,22.29166603088379,23.15833282470703,21.016067504882812,21.39625358581543,22.571918487548828,18.839982986450195,20.336212158203125,21.128013610839844
2024-08-28,20.049999237060547,20.975000381469727,21.700000762939453,22.641666412353516,20.87126922607422,21.27108383178711,22.461572647094727,18.548912048339844,20.047836303710938,20.87957000732422
2024-09-01,20.049999237060547,20.54166603088379,21.16666603088379,22.200000762939453,21.016067504882812,21.360414505004883,22.554454803466797,18.748281478881836,20.188730239868164,20.96567726135254
2024-09-07,17.883333206176758,20.008333206176758,20.54166603088379,21.700000762939453,21.321508407592773,21.654922485351562,22.84156608581543,18.34555435180664,19.790863037109375,20.66037368774414
2024-09-14,17.883333206176758,19.149999618530273,19.899999618530273,20.741666793823242,19.782623291015625,20.1877384185791,21.433124542236328,17.630184173583984,19.138935089111328,20.071680068969727
2024-09-21,14.781818389892578,17.883333206176758,19.190908432006836,20.100000381469727,20.659015655517578,21.00534439086914,22.20828628540039,17.110137939453125,18.585697174072266,19.608417510986328
2024-09-28,13.663636207580566,13.845454216003418,15.272727012634277,19.424999237060547,18.059553146362305,18.744285583496094,20.010868072509766,15.822467803955078,17.443281173706055,18.59566879272461
2024-10-01,13.663636207580566,13.845454216003418,14.781818389892578,19.116666793823242,19.13589859008789,19.679195404052734,20.91511344909668,15.879236221313477,17.453449249267578,18.590736389160156
2024-10-07,13.663636207580566,13.818181991577148,14.590909004211426,16.245454788208008,17.69366455078125,18.461257934570312,19.80404281616211,15.853422164916992,17.43819808959961,18.5611572265625
2024-10-14,13.663636207580566,13.818181991577148,14.381817817687988,15.363636016845703,17.08323097229004,17.8677921295166,19.253463745117188,14.502246856689453,16.06890869140625,17.367782592773438
2024-10-21,12.416666984558105,13.663636207580566,14.050000190734863,14.933333396911621,12.994747161865234,14.417675971984863,15.902249336242676,9.109140396118164,10.871365547180176,12.298107147216797
2024-10-28,10.558333396911621,12.466666221618652,13.741666793823242,14.933333396911621,9.959938049316406,11.729673385620117,13.039620399475098,7.604945659637451,9.396059036254883,10.87382698059082
2024-11-01,8.341666221618652,10.741666793823242,13.027273178100586,14.274999618530273,11.17319107055664,12.693105697631836,14.351621627807617,10.197793006896973,11.839008331298828,13.229690551757812
2024-11-07,8.341666221618652,8.854545593261719,11.116666793823242,13.266666412353516,11.830933570861816,13.18671703338623,14.821110725402832,8.703168869018555,10.45821762084961,11.894750595092773
2024-11-14,8.341666221618652,8.854545593261719,10.225000381469727,12.708333015441895,9.657904624938965,11.20151424407959,13.003172874450684,9.737277030944824,11.426414489746094,12.818638801574707
2024-11-21,7.633333206176758,8.274999618530273,8.975000381469727,11.066666603088379,8.590457916259766,9.966562271118164,11.809257507324219,8.1757173538208,9.930778503417969,11.401844024658203
2024-11-28,7.633333206176758,8.274999618530273,8.975000381469727,10.699999809265137,5.974853992462158,7.185340404510498,8.917118072509766,6.128493309020996,7.779441833496094,9.350189208984375
2024-12-01,7.633333206176758,8.274999618530273,8.975000381469727,10.600000381469727,6.499038219451904,7.719951629638672,9.344942092895508,6.3447418212890625,7.971235275268555,9.53843879699707
2024-12-07,6.541666507720947,7.5333333015441895,8.274999618530273,10.225000381469727,6.972170352935791,8.264150619506836,10.003702163696289,6.907932758331299,8.526151657104492,10.045280456542969
2024-12-14,6.541666507720947,7.5333333015441895,8.274999618530273,10.425000190734863,7.744513511657715,9.014394760131836,10.575369834899902,7.717889785766602,9.36161994934082,10.847789764404297
2024-12-21,6.541666507720947,7.5333333015441895,8.791666984558105,10.425000190734863,6.5852508544921875,7.833239555358887,9.433928489685059,6.748392581939697,8.322381973266602,9.87217903137207
2024-12-28,6.541666507720947,7.5333333015441895,8.818181991577148,9.949999809265137,6.255917549133301,7.5030903816223145,9.07574462890625,6.245638370513916,7.76810884475708,9.316797256469727
2025-01-01,6.541666507720947,7.5333333015441895,8.791666984558105,9.616666793823242,6.115822792053223,7.341910362243652,8.865875244140625,6.052022457122803,7.59740686416626,9.154666900634766
2025-01-07,7.758333206176758,8.308333396911621,8.818181991577148,9.616666793823242,7.034175395965576,8.19196891784668,9.78082275390625,6.5935258865356445,8.122386932373047,9.675827026367188
2025-01-14,7.083333492279053,7.7833333015441895,8.583333015441895,9.458333015441895,6.424060821533203,7.680163383483887,9.216375350952148,7.251890182495117,8.787920951843262,10.259828567504883
2025-01-21,5.683333396911621,7.2833333015441895,8.050000190734863,9.291666984558105,6.389373302459717,7.583235740661621,9.07574462890625,6.263158798217773,7.824718475341797,9.327934265136719
2025-01-28,1.899999976158142,4.375,7.2833333015441895,8.583333015441895,6.887359619140625,8.02452278137207,9.63282585144043,6.879521369934082,8.427242279052734,9.931831359863281
2025-02-01,1.899999976158142,4.375,6.8416666984558105,8.050000190734863,5.37161111831665,6.625109672546387,8.584651947021484,6.263158798217773,7.841672897338867,9.322366714477539
2025-02-07,1.899999976158142,4.375,6.8416666984558105,8.516666412353516,5.725999355316162,6.868718147277832,8.491987228393555,6.454998970031738,8.032937049865723,9.494291305541992
2025-02-14,1.899999976158142,4.375,6.8416666984558105,9.675000190734863,5.630457878112793,6.73240852355957,8.381402969360352,6.587769985198975,8.18368148803711,9.642931938171387
2025-02-21,1.899999976158142,4.375,7.333333492279053,9.816666603088379,7.252749919891357,8.236414909362793,9.813577651977539,7.44154167175293,9.036165237426758,10.472415924072266
2025-02-28,5.449999809265137,7.525000095367432,9.041666984558105,10.833333015441895,6.203483581542969,7.080321788787842,8.888665199279785,7.235086917877197,8.836688995361328,10.22242546081543
2025-03-01,7.333333492279053,7.833333492279053,9.566666603088379,10.850000381469727,6.080662250518799,6.963024616241455,8.768739700317383,7.391479015350342,8.99048137664795,10.38230037689209
2025-03-07,7.525000095367432,9.041666984558105,9.958333015441895,11.850000381469727,8.032999038696289,9.011707305908203,10.714849472045898,8.278217315673828,9.89181137084961,11.29196548461914
2025-03-14,7.525000095367432,9.041666984558105,11.116666793823242,12.791666984558105,10.079608917236328,11.084028244018555,12.937482833862305,9.824666976928711,11.389162063598633,12.730779647827148
2025-03-21,7.525000095367432,9.041666984558105,10.350000381469727,12.050000190734863,8.722877502441406,10.051974296569824,11.79162311553955,8.655367851257324,10.312485694885254,11.68094253540039
2025-03-28,9.691666603088379,10.683333396911621,11.850000381469727,13.233333587646484,11.805602073669434,12.594889640808105,14.59786319732666,10.03719711303711,11.652950286865234,13.034988403320312
2025-04-01,9.691666603088379,10.683333396911621,12.041666984558105,13.433333396911621,10.722153663635254,12.139514923095703,13.942704200744629,11.004051208496094,12.556049346923828,13.932838439941406
2025-04-07,9.691666603088379,10.683333396911621,12.866666793823242,14.008333206176758,11.666481018066406,12.73913860321045,14.63332748413086,11.204146385192871,12.771886825561523,14.178736686706543
2025-04-14,9.691666603088379,10.875,13.058333396911621,14.041666984558105,9.1975679397583,10.437145233154297,12.264177322387695,11.215384483337402,12.788232803344727,14.226153373718262
2025-04-21,12.041666984558105,13.041666984558105,14.008333206176758,15.666666984558105,12.429449081420898,13.615832328796387,15.296099662780762,12.66120719909668,14.181346893310547,15.613632202148438
2025-04-28,13.041666984558105,13.516666412353516,14.216666221618652,16.366666793823242,12.803685188293457,14.219196319580078,15.833327293395996,12.675101280212402,14.177290916442871,15.616864204406738
2025-05-01,13.041666984558105,13.516666412353516,15.191666603088379,16.483333587646484,14.694705963134766,15.562397956848145,17.408496856689453,14.046451568603516,15.525554656982422,16.92560577392578
2025-05-07,13.041666984558105,14.216666221618652,16.133333206176758,17.399999618530273,13.74135684967041,14.876082420349121,16.658044815063477,13.275954246520996,14.763395309448242,16.199094772338867
2025-05-14,13.041666984558105,15.483333587646484,16.558332443237305,17.941667556762695,16.69573974609375,17.481260299682617,19.0196590423584,15.073996543884277,16.530080795288086,17.886249542236328
2025-05-21,15.483333587646484,16.316667556762695,17.53333282470703,18.674999237060547,15.557792663574219,16.49054527282715,18.14502716064453,14.310826301574707,15.76058578491211,17.174293518066406
2025-05-28,16.316667556762695,17.399999618530273,17.941667556762695,19.33333396911621,17.762046813964844,18.453367233276367,19.757732391357422,16.75275421142578,18.158123016357422,19.362049102783203
2025-06-01,17.399999618530273,17.933332443237305,18.91666603088379,19.983333587646484,17.195661544799805,17.909040451049805,19.271137237548828,17.28240203857422,18.67044448852539,19.8287296295166
