sample_id,date,region,season,target,model,split,actual,predicted,residual,abs_error,sq_error
Northwest_winter_2021-06-14,2021-06-14,Northwest,winter,anchor,Prophet,test,18.725000,18.995275,0.270275,0.270275,0.073049
Northwest_winter_2021-06-21,2021-06-21,Northwest,winter,anchor,Prophet,test,19.116667,20.469011,1.352344,1.352344,1.828835
Northwest_winter_2021-06-28,2021-06-28,Northwest,winter,anchor,Prophet,test,21.250000,21.138796,-0.111204,0.111204,0.012366
Northwest_winter_2021-07-01,2021-07-01,Northwest,winter,anchor,Prophet,test,21.250000,21.629822,0.379822,0.379822,0.144265
Northwest_winter_2021-07-07,2021-07-07,Northwest,winter,anchor,Prophet,test,21.250000,21.629822,0.379822,0.379822,0.144265
Northwest_winter_2021-07-14,2021-07-14,Northwest,winter,anchor,Prophet,test,21.250000,22.200706,0.950706,0.950706,0.903841
Northwest_winter_2021-07-21,2021-07-21,Northwest,winter,anchor,Prophet,test,22.108333,22.410727,0.302393,0.302393,0.091442
Northwest_winter_2021-07-28,2021-07-28,Northwest,winter,anchor,Prophet,test,21.908333,22.905278,0.996945,0.996945,0.993899
Northwest_winter_2021-08-01,2021-08-01,Northwest,winter,anchor,Prophet,test,21.908333,22.641102,0.732769,0.732769,0.536950
Northwest_winter_2021-08-07,2021-08-07,Northwest,winter,anchor,Prophet,test,21.908333,22.486042,0.577708,0.577708,0.333747
Northwest_winter_2021-08-14,2021-08-14,Northwest,winter,anchor,Prophet,test,20.866667,21.516698,0.650031,0.650031,0.422541
Northwest_winter_2021-08-21,2021-08-21,Northwest,winter,anchor,Prophet,test,19.975000,21.226676,1.251676,1.251676,1.566694
Northwest_winter_2021-08-28,2021-08-28,Northwest,winter,anchor,Prophet,test,18.100000,20.063695,1.963695,1.963695,3.856100
Northwest_winter_2021-09-01,2021-09-01,Northwest,winter,anchor,Prophet,test,18.100000,20.063695,1.963695,1.963695,3.856100
Northwest_winter_2021-09-07,2021-09-07,Northwest,winter,anchor,Prophet,test,18.000000,19.336617,1.336617,1.336617,1.786544
Northwest_winter_2021-09-14,2021-09-14,Northwest,winter,anchor,Prophet,test,16.416667,18.674754,2.258088,2.258088,5.098960
Northwest_winter_2021-09-21,2021-09-21,Northwest,winter,anchor,Prophet,test,16.416667,18.166749,1.750083,1.750083,3.062790
Northwest_winter_2021-09-28,2021-09-28,Northwest,winter,anchor,Prophet,test,15.841667,16.729558,0.887891,0.887891,0.788351
Northwest_winter_2021-10-01,2021-10-01,Northwest,winter,anchor,Prophet,test,15.491667,16.213382,0.721716,0.721716,0.520873
Northwest_winter_2021-10-07,2021-10-07,Northwest,winter,anchor,Prophet,test,15.491667,15.560342,0.068675,0.068675,0.004716
Northwest_winter_2021-10-14,2021-10-14,Northwest,winter,anchor,Prophet,test,12.407692,14.190408,1.782716,1.782716,3.178075
Northwest_winter_2021-10-21,2021-10-21,Northwest,winter,anchor,Prophet,test,12.407692,13.933728,1.526035,1.526035,2.328783
Northwest_winter_2021-10-28,2021-10-28,Northwest,winter,anchor,Prophet,test,12.238462,12.328845,0.090383,0.090383,0.008169
Northwest_winter_2021-11-01,2021-11-01,Northwest,winter,anchor,Prophet,test,12.238462,12.328845,0.090383,0.090383,0.008169
Northwest_winter_2021-11-07,2021-11-07,Northwest,winter,anchor,Prophet,test,12.015385,11.421836,-0.593548,0.593548,0.352300
Northwest_winter_2021-11-14,2021-11-14,Northwest,winter,anchor,Prophet,test,10.984615,10.248400,-0.736215,0.736215,0.542013
Northwest_winter_2021-11-21,2021-11-21,Northwest,winter,anchor,Prophet,test,9.084615,10.157670,1.073054,1.073054,1.151445
Northwest_winter_2021-11-28,2021-11-28,Northwest,winter,anchor,Prophet,test,7.038462,9.485544,2.447083,2.447083,5.988213
Northwest_winter_2021-12-01,2021-12-01,Northwest,winter,anchor,Prophet,test,7.038462,9.231917,2.193456,2.193456,4.811249
Northwest_winter_2021-12-07,2021-12-07,Northwest,winter,anchor,Prophet,test,7.038462,9.231917,2.193456,2.193456,4.811249
Northwest_winter_2021-12-14,2021-12-14,Northwest,winter,anchor,Prophet,test,7.038462,7.857022,0.818560,0.818560,0.670041
Northwest_winter_2021-12-21,2021-12-21,Northwest,winter,anchor,Prophet,test,2.876923,7.782873,4.905950,4.905950,24.068342
Northwest_winter_2021-12-28,2021-12-28,Northwest,winter,anchor,Prophet,test,2.876923,7.782873,4.905950,4.905950,24.068342
Northwest_winter_2022-01-01,2022-01-01,Northwest,winter,anchor,Prophet,test,2.876923,7.782873,4.905950,4.905950,24.068342
Northwest_winter_2022-01-07,2022-01-07,Northwest,winter,anchor,Prophet,test,2.876923,7.780428,4.903505,4.903505,24.044363
Northwest_winter_2022-01-14,2022-01-14,Northwest,winter,anchor,Prophet,test,2.876923,7.780428,4.903505,4.903505,24.044363
Northwest_winter_2022-01-21,2022-01-21,Northwest,winter,anchor,Prophet,test,4.223077,7.780428,3.557351,3.557351,12.654749
Northwest_winter_2022-01-28,2022-01-28,Northwest,winter,anchor,Prophet,test,6.384615,7.780428,1.395813,1.395813,1.948294
Northwest_winter_2022-02-01,2022-02-01,Northwest,winter,anchor,Prophet,test,6.384615,7.780428,1.395813,1.395813,1.948294
Northwest_winter_2022-02-07,2022-02-07,Northwest,winter,anchor,Prophet,test,6.384615,9.069074,2.684459,2.684459,7.206320
Northwest_winter_2022-02-14,2022-02-14,Northwest,winter,anchor,Prophet,test,4.207692,9.187289,4.979597,4.979597,24.796386
Northwest_winter_2022-02-21,2022-02-21,Northwest,winter,anchor,Prophet,test,3.392308,9.187289,5.794982,5.794982,33.581812
Northwest_winter_2022-02-28,2022-02-28,Northwest,winter,anchor,Prophet,test,3.392308,9.969549,6.577241,6.577241,43.260106
Northwest_winter_2022-03-01,2022-03-01,Northwest,winter,anchor,Prophet,test,3.392308,9.969549,6.577241,6.577241,43.260106
Northwest_winter_2022-03-07,2022-03-07,Northwest,winter,anchor,Prophet,test,3.392308,9.969549,6.577241,6.577241,43.260106
Northwest_winter_2022-03-14,2022-03-14,Northwest,winter,anchor,Prophet,test,3.392308,9.969549,6.577241,6.577241,43.260106
Northwest_winter_2022-03-21,2022-03-21,Northwest,winter,anchor,Prophet,test,4.976923,10.667062,5.690139,5.690139,32.377681
Northwest_winter_2022-03-28,2022-03-28,Northwest,winter,anchor,Prophet,test,7.930769,10.786474,2.855704,2.855704,8.155048
Northwest_winter_2022-04-01,2022-04-01,Northwest,winter,anchor,Prophet,test,9.592308,11.773240,2.180933,2.180933,4.756468
Northwest_winter_2022-04-07,2022-04-07,Northwest,winter,anchor,Prophet,test,9.592308,12.745011,3.152703,3.152703,9.939536
Northwest_winter_2022-04-14,2022-04-14,Northwest,winter,anchor,Prophet,test,9.592308,12.745011,3.152703,3.152703,9.939536
Northwest_winter_2022-04-21,2022-04-21,Northwest,winter,anchor,Prophet,test,9.700000,13.247897,3.547897,3.547897,12.587571
Northwest_winter_2022-04-28,2022-04-28,Northwest,winter,anchor,Prophet,test,12.069231,14.481339,2.412108,2.412108,5.818265
Northwest_winter_2022-05-01,2022-05-01,Northwest,winter,anchor,Prophet,test,12.946154,14.481339,1.535185,1.535185,2.356793
Northwest_winter_2022-05-07,2022-05-07,Northwest,winter,anchor,Prophet,test,12.946154,15.305262,2.359108,2.359108,5.565392
Northwest_winter_2022-05-14,2022-05-14,Northwest,winter,anchor,Prophet,test,14.938462,16.101506,1.163044,1.163044,1.352672
Northwest_winter_2022-05-21,2022-05-21,Northwest,winter,anchor,Prophet,test,16.207692,16.423637,0.215944,0.215944,0.046632
Northwest_winter_2022-05-28,2022-05-28,Northwest,winter,anchor,Prophet,test,16.207692,17.892435,1.684743,1.684743,2.838358
Northwest_winter_2022-06-01,2022-06-01,Northwest,winter,anchor,Prophet,test,16.207692,17.892435,1.684743,1.684743,2.838358
Northwest_winter_2022-06-07,2022-06-07,Northwest,winter,anchor,Prophet,test,18.446154,19.019846,0.573692,0.573692,0.329122
Northwest_winter_2022-06-14,2022-06-14,Northwest,winter,anchor,Prophet,test,19.315385,19.020459,-0.294926,0.294926,0.086981
Northwest_winter_2022-06-21,2022-06-21,Northwest,winter,anchor,Prophet,test,19.330769,20.457243,1.126474,1.126474,1.268944
Northwest_winter_2022-06-28,2022-06-28,Northwest,winter,anchor,Prophet,test,19.330769,21.126551,1.795782,1.795782,3.224834
Northwest_winter_2022-07-01,2022-07-01,Northwest,winter,anchor,Prophet,test,19.330769,21.625264,2.294495,2.294495,5.264705
Northwest_winter_2022-07-07,2022-07-07,Northwest,winter,anchor,Prophet,test,19.861538,21.632965,1.771426,1.771426,3.137951
Northwest_winter_2022-07-14,2022-07-14,Northwest,winter,anchor,Prophet,test,20.969231,22.178613,1.209383,1.209383,1.462606
Northwest_winter_2022-07-21,2022-07-21,Northwest,winter,anchor,Prophet,test,21.407692,22.415354,1.007662,1.007662,1.015382
Northwest_winter_2022-07-28,2022-07-28,Northwest,winter,anchor,Prophet,test,21.415385,22.910075,1.494690,1.494690,2.234099
Northwest_winter_2022-08-01,2022-08-01,Northwest,winter,anchor,Prophet,test,21.415385,22.645758,1.230373,1.230373,1.513818
Northwest_winter_2022-08-07,2022-08-07,Northwest,winter,anchor,Prophet,test,21.415385,22.491125,1.075741,1.075741,1.157218
Northwest_winter_2022-08-14,2022-08-14,Northwest,winter,anchor,Prophet,test,20.323077,21.504919,1.181842,1.181842,1.396750
Northwest_winter_2022-08-21,2022-08-21,Northwest,winter,anchor,Prophet,test,19.538462,21.215105,1.676643,1.676643,2.811133
Northwest_winter_2022-08-28,2022-08-28,Northwest,winter,anchor,Prophet,test,19.461538,20.052223,0.590684,0.590684,0.348908
Northwest_winter_2022-09-01,2022-09-01,Northwest,winter,anchor,Prophet,test,19.100000,20.052223,0.952223,0.952223,0.906728
Northwest_winter_2022-09-07,2022-09-07,Northwest,winter,anchor,Prophet,test,19.100000,19.324653,0.224653,0.224653,0.050469
Northwest_winter_2022-09-14,2022-09-14,Northwest,winter,anchor,Prophet,test,17.692308,18.646637,0.954330,0.954330,0.910745
Northwest_winter_2022-09-21,2022-09-21,Northwest,winter,anchor,Prophet,test,17.330769,18.139074,0.808305,0.808305,0.653357
Northwest_winter_2022-09-28,2022-09-28,Northwest,winter,anchor,Prophet,test,16.992308,16.702242,-0.290065,0.290065,0.084138
Northwest_winter_2022-10-01,2022-10-01,Northwest,winter,anchor,Prophet,test,16.992308,16.192528,-0.799780,0.799780,0.639648
Northwest_winter_2022-10-07,2022-10-07,Northwest,winter,anchor,Prophet,test,14.207692,15.565391,1.357699,1.357699,1.843346
Northwest_winter_2022-10-14,2022-10-14,Northwest,winter,anchor,Prophet,test,13.584615,14.194577,0.609962,0.609962,0.372054
Northwest_winter_2022-10-21,2022-10-21,Northwest,winter,anchor,Prophet,test,13.515385,13.921150,0.405766,0.405766,0.164646
Northwest_winter_2022-10-28,2022-10-28,Northwest,winter,anchor,Prophet,test,13.515385,12.306928,-1.208457,1.208457,1.460368
Northwest_winter_2022-11-01,2022-11-01,Northwest,winter,anchor,Prophet,test,12.423077,12.306928,-0.116149,0.116149,0.013491
Northwest_winter_2022-11-07,2022-11-07,Northwest,winter,anchor,Prophet,test,11.938462,11.448330,-0.490131,0.490131,0.240229
Northwest_winter_2022-11-14,2022-11-14,Northwest,winter,anchor,Prophet,test,10.315385,10.253641,-0.061744,0.061744,0.003812
Northwest_winter_2022-11-21,2022-11-21,Northwest,winter,anchor,Prophet,test,10.315385,10.130561,-0.184824,0.184824,0.034160
Northwest_winter_2022-11-28,2022-11-28,Northwest,winter,anchor,Prophet,test,9.884615,9.489979,-0.394636,0.394636,0.155738
Northwest_winter_2022-12-01,2022-12-01,Northwest,winter,anchor,Prophet,test,8.453846,9.209400,0.755553,0.755553,0.570861
Northwest_winter_2022-12-07,2022-12-07,Northwest,winter,anchor,Prophet,test,8.453846,9.209400,0.755553,0.755553,0.570861
Northwest_winter_2022-12-14,2022-12-14,Northwest,winter,anchor,Prophet,test,8.453846,7.828655,-0.625191,0.625191,0.390864
Northwest_winter_2022-12-21,2022-12-21,Northwest,winter,anchor,Prophet,test,8.453846,7.761031,-0.692815,0.692815,0.479993
Northwest_winter_2022-12-28,2022-12-28,Northwest,winter,anchor,Prophet,test,7.876923,7.761031,-0.115892,0.115892,0.013431
Northwest_winter_2023-01-01,2023-01-01,Northwest,winter,anchor,Prophet,test,7.876923,7.761031,-0.115892,0.115892,0.013431
Northwest_winter_2023-01-07,2023-01-07,Northwest,winter,anchor,Prophet,test,7.876923,7.759331,-0.117592,0.117592,0.013828
Northwest_winter_2023-01-14,2023-01-14,Northwest,winter,anchor,Prophet,test,6.438462,7.759331,1.320870,1.320870,1.744697
Northwest_winter_2023-01-21,2023-01-21,Northwest,winter,anchor,Prophet,test,5.323077,7.759331,2.436255,2.436255,5.935336
Northwest_winter_2023-01-28,2023-01-28,Northwest,winter,anchor,Prophet,test,5.323077,7.759331,2.436255,2.436255,5.935336
Northwest_winter_2023-02-01,2023-02-01,Northwest,winter,anchor,Prophet,test,5.323077,7.759331,2.436255,2.436255,5.935336
Northwest_winter_2023-02-07,2023-02-07,Northwest,winter,anchor,Prophet,test,5.323077,9.041821,3.718744,3.718744,13.829057
Northwest_winter_2023-02-14,2023-02-14,Northwest,winter,anchor,Prophet,test,5.469231,9.212785,3.743554,3.743554,14.014195
Northwest_winter_2023-02-21,2023-02-21,Northwest,winter,anchor,Prophet,test,7.469231,9.212785,1.743554,1.743554,3.039980
Northwest_winter_2023-02-28,2023-02-28,Northwest,winter,anchor,Prophet,test,8.438462,9.973539,1.535078,1.535078,2.356464
Northwest_winter_2023-03-01,2023-03-01,Northwest,winter,anchor,Prophet,test,8.438462,9.973539,1.535078,1.535078,2.356464
Northwest_winter_2023-03-07,2023-03-07,Northwest,winter,anchor,Prophet,test,8.438462,9.973539,1.535078,1.535078,2.356464
Northwest_winter_2023-03-14,2023-03-14,Northwest,winter,anchor,Prophet,test,8.707692,9.973539,1.265847,1.265847,1.602369
Northwest_winter_2023-03-21,2023-03-21,Northwest,winter,anchor,Prophet,test,8.707692,10.692533,1.984841,1.984841,3.939593
Northwest_winter_2023-03-28,2023-03-28,Northwest,winter,anchor,Prophet,test,8.707692,10.764771,2.057078,2.057078,4.231571
Northwest_winter_2023-04-01,2023-04-01,Northwest,winter,anchor,Prophet,test,8.707692,11.797641,3.089948,3.089948,9.547780
Northwest_winter_2023-04-07,2023-04-07,Northwest,winter,anchor,Prophet,test,9.976923,12.734130,2.757207,2.757207,7.602193
Northwest_winter_2023-04-14,2023-04-14,Northwest,winter,anchor,Prophet,test,10.592308,12.747921,2.155614,2.155614,4.646670
Northwest_winter_2023-04-21,2023-04-21,Northwest,winter,anchor,Prophet,test,11.446154,13.272837,1.826684,1.826684,3.336773
Northwest_winter_2023-04-28,2023-04-28,Northwest,winter,anchor,Prophet,test,11.838462,14.470628,2.632166,2.632166,6.928298
Northwest_winter_2023-05-01,2023-05-01,Northwest,winter,anchor,Prophet,test,11.838462,14.470628,2.632166,2.632166,6.928298
Northwest_winter_2023-05-07,2023-05-07,Northwest,winter,anchor,Prophet,test,13.838462,15.331722,1.493260,1.493260,2.229826
Northwest_winter_2023-05-14,2023-05-14,Northwest,winter,anchor,Prophet,test,15.384615,16.105969,0.721354,0.721354,0.520351
Northwest_winter_2023-05-21,2023-05-21,Northwest,winter,anchor,Prophet,test,15.600000,16.426896,0.826896,0.826896,0.683757
Northwest_winter_2023-05-28,2023-05-28,Northwest,winter,anchor,Prophet,test,15.946154,17.863509,1.917355,1.917355,3.676250
Northwest_winter_2023-06-01,2023-06-01,Northwest,winter,anchor,Prophet,test,16.130769,17.863509,1.732740,1.732740,3.002387
Northwest_winter_2023-06-07,2023-06-07,Northwest,winter,anchor,Prophet,test,17.953846,19.008234,1.054388,1.054388,1.111734
Northwest_winter_2023-06-14,2023-06-14,Northwest,winter,anchor,Prophet,test,19.269231,19.009151,-0.260080,0.260080,0.067641
Northwest_winter_2023-06-21,2023-06-21,Northwest,winter,anchor,Prophet,test,19.315385,20.428732,1.113348,1.113348,1.239543
Northwest_winter_2023-06-28,2023-06-28,Northwest,winter,anchor,Prophet,test,19.884615,21.097552,1.212937,1.212937,1.471216
Northwest_winter_2023-07-01,2023-07-01,Northwest,winter,anchor,Prophet,test,19.884615,21.596244,1.711629,1.711629,2.929673
Northwest_winter_2023-07-07,2023-07-07,Northwest,winter,anchor,Prophet,test,20.976923,21.619608,0.642685,0.642685,0.413044
Northwest_winter_2023-07-14,2023-07-14,Northwest,winter,anchor,Prophet,test,20.976923,22.182972,1.206049,1.206049,1.454553
Northwest_winter_2023-07-21,2023-07-21,Northwest,winter,anchor,Prophet,test,20.976923,22.419021,1.442098,1.442098,2.079646
Northwest_winter_2023-07-28,2023-07-28,Northwest,winter,anchor,Prophet,test,21.461538,22.913906,1.452368,1.452368,2.109372
Northwest_winter_2023-08-01,2023-08-01,Northwest,winter,anchor,Prophet,test,21.823077,22.634819,0.811742,0.811742,0.658925
Northwest_winter_2023-08-07,2023-08-07,Northwest,winter,anchor,Prophet,test,21.907692,22.495272,0.587580,0.587580,0.345250
Northwest_winter_2023-08-14,2023-08-14,Northwest,winter,anchor,Prophet,test,20.315385,21.530045,1.214661,1.214661,1.475400
Northwest_winter_2023-08-21,2023-08-21,Northwest,winter,anchor,Prophet,test,20.169231,21.240434,1.071203,1.071203,1.147477
Northwest_winter_2023-08-28,2023-08-28,Northwest,winter,anchor,Prophet,test,20.169231,20.077662,-0.091569,0.091569,0.008385
Northwest_winter_2023-09-01,2023-09-01,Northwest,winter,anchor,Prophet,test,20.169231,20.077662,-0.091569,0.091569,0.008385
Northwest_winter_2023-09-07,2023-09-07,Northwest,winter,anchor,Prophet,test,20.161538,19.297186,-0.864353,0.864353,0.747106
Northwest_winter_2023-09-14,2023-09-14,Northwest,winter,anchor,Prophet,test,18.961538,18.624970,-0.336568,0.336568,0.113278
Northwest_winter_2023-09-21,2023-09-21,Northwest,winter,anchor,Prophet,test,17.884615,18.117839,0.233224,0.233224,0.054393
Northwest_winter_2023-09-28,2023-09-28,Northwest,winter,anchor,Prophet,test,16.984615,16.681382,-0.303233,0.303233,0.091950
Northwest_winter_2023-10-01,2023-10-01,Northwest,winter,anchor,Prophet,test,16.984615,16.198137,-0.786478,0.786478,0.618548
Northwest_winter_2023-10-07,2023-10-07,Northwest,winter,anchor,Prophet,test,16.230769,15.569514,-0.661255,0.661255,0.437258
Northwest_winter_2023-10-14,2023-10-14,Northwest,winter,anchor,Prophet,test,15.907692,14.197817,-1.709876,1.709876,2.923674
Northwest_winter_2023-10-21,2023-10-21,Northwest,winter,anchor,Prophet,test,13.284615,13.945500,0.660885,0.660885,0.436769
Northwest_winter_2023-10-28,2023-10-28,Northwest,winter,anchor,Prophet,test,12.100000,12.311435,0.211435,0.211435,0.044705
Northwest_winter_2023-11-01,2023-11-01,Northwest,winter,anchor,Prophet,test,11.569231,12.311435,0.742204,0.742204,0.550867
Northwest_winter_2023-11-07,2023-11-07,Northwest,winter,anchor,Prophet,test,11.569231,11.438312,-0.130918,0.130918,0.017140
Northwest_winter_2023-11-14,2023-11-14,Northwest,winter,anchor,Prophet,test,11.569231,10.243278,-1.325953,1.325953,1.758150
Northwest_winter_2023-11-21,2023-11-21,Northwest,winter,anchor,Prophet,test,9.669231,10.109943,0.440712,0.440712,0.194227
Northwest_winter_2023-11-28,2023-11-28,Northwest,winter,anchor,Prophet,test,9.669231,9.493492,-0.175739,0.175739,0.030884
Northwest_winter_2023-12-01,2023-12-01,Northwest,winter,anchor,Prophet,test,9.669231,9.213352,-0.455879,0.455879,0.207825
Northwest_winter_2023-12-07,2023-12-07,Northwest,winter,anchor,Prophet,test,9.669231,9.213352,-0.455879,0.455879,0.207825
Northwest_winter_2023-12-14,2023-12-14,Northwest,winter,anchor,Prophet,test,9.669231,7.806730,-1.862501,1.862501,3.468911
Northwest_winter_2023-12-21,2023-12-21,Northwest,winter,anchor,Prophet,test,9.561538,7.765636,-1.795903,1.795903,3.225267
Northwest_winter_2023-12-28,2023-12-28,Northwest,winter,anchor,Prophet,test,9.561538,7.765636,-1.795903,1.795903,3.225267
Northwest_winter_2024-01-01,2024-01-01,Northwest,winter,anchor,Prophet,test,8.176923,7.765636,-0.411287,0.411287,0.169157
Northwest_winter_2024-01-07,2024-01-07,Northwest,winter,anchor,Prophet,test,5.953846,7.764684,1.810838,1.810838,3.279133
Northwest_winter_2024-01-14,2024-01-14,Northwest,winter,anchor,Prophet,test,5.953846,7.764684,1.810838,1.810838,3.279133
Northwest_winter_2024-01-21,2024-01-21,Northwest,winter,anchor,Prophet,test,5.953846,7.764684,1.810838,1.810838,3.279133
Northwest_winter_2024-01-28,2024-01-28,Northwest,winter,anchor,Prophet,test,5.953846,7.764684,1.810838,1.810838,3.279133
Northwest_winter_2024-02-01,2024-02-01,Northwest,winter,anchor,Prophet,test,5.953846,7.764684,1.810838,1.810838,3.279133
Northwest_winter_2024-02-07,2024-02-07,Northwest,winter,anchor,Prophet,test,8.523077,9.021017,0.497940,0.497940,0.247944
Northwest_winter_2024-02-14,2024-02-14,Northwest,winter,anchor,Prophet,test,8.523077,9.201817,0.678740,0.678740,0.460688
Northwest_winter_2024-02-21,2024-02-21,Northwest,winter,anchor,Prophet,test,8.653846,9.201817,0.547970,0.547970,0.300272
Northwest_winter_2024-02-28,2024-02-28,Northwest,winter,anchor,Prophet,test,9.007692,9.961886,0.954193,0.954193,0.910485
Northwest_winter_2024-03-01,2024-03-01,Northwest,winter,anchor,Prophet,test,9.276923,9.961886,0.684963,0.684963,0.469174
Northwest_winter_2024-03-07,2024-03-07,Northwest,winter,anchor,Prophet,test,9.758333,9.961886,0.203552,0.203552,0.041434
Northwest_winter_2024-03-14,2024-03-14,Northwest,winter,anchor,Prophet,test,10.692308,9.961886,-0.730422,0.730422,0.533516
Northwest_winter_2024-03-21,2024-03-21,Northwest,winter,anchor,Prophet,test,10.723077,10.769567,0.046490,0.046490,0.002161
Northwest_winter_2024-03-28,2024-03-28,Northwest,winter,anchor,Prophet,test,12.333333,10.769567,-1.563766,1.563766,2.445364
Northwest_winter_2024-04-01,2024-04-01,Northwest,winter,anchor,Prophet,test,12.333333,11.785594,-0.547740,0.547740,0.300019
Northwest_winter_2024-04-07,2024-04-07,Northwest,winter,anchor,Prophet,test,12.333333,12.749867,0.416533,0.416533,0.173500
Northwest_winter_2024-04-14,2024-04-14,Northwest,winter,anchor,Prophet,test,13.063636,12.749867,-0.313770,0.313770,0.098451
Northwest_winter_2024-04-21,2024-04-21,Northwest,winter,anchor,Prophet,test,13.063636,13.261224,0.197588,0.197588,0.039041
Northwest_winter_2024-04-28,2024-04-28,Northwest,winter,anchor,Prophet,test,13.063636,14.496786,1.433150,1.433150,2.053919
Northwest_winter_2024-05-01,2024-05-01,Northwest,winter,anchor,Prophet,test,13.063636,15.169726,2.106089,2.106089,4.435613
Northwest_winter_2024-05-07,2024-05-07,Northwest,winter,anchor,Prophet,test,13.063636,15.321709,2.258073,2.258073,5.098892
Northwest_winter_2024-05-14,2024-05-14,Northwest,winter,anchor,Prophet,test,14.581818,16.203666,1.621848,1.621848,2.630392
Northwest_winter_2024-05-21,2024-05-21,Northwest,winter,anchor,Prophet,test,15.700000,16.759128,1.059128,1.059128,1.121752
Northwest_winter_2024-05-28,2024-05-28,Northwest,winter,anchor,Prophet,test,15.700000,17.841022,2.141022,2.141022,4.583975
Northwest_winter_2024-06-01,2024-06-01,Northwest,winter,anchor,Prophet,test,15.700000,17.927946,2.227946,2.227946,4.963743
Northwest_winter_2024-06-07,2024-06-07,Northwest,winter,anchor,Prophet,test,18.790909,18.981081,0.190171,0.190171,0.036165
Northwest_winter_2024-06-14,2024-06-14,Northwest,winter,anchor,Prophet,test,18.790909,19.113269,0.322360,0.322360,0.103916
Northwest_winter_2024-06-21,2024-06-21,Northwest,winter,anchor,Prophet,test,21.000000,20.406700,-0.593300,0.593300,0.352005
Northwest_winter_2024-06-28,2024-06-28,Northwest,winter,anchor,Prophet,test,21.000000,21.075023,0.075023,0.075023,0.005628
Northwest_winter_2024-07-01,2024-07-01,Northwest,winter,anchor,Prophet,test,21.000000,21.573675,0.573675,0.573675,0.329103
Northwest_winter_2024-07-07,2024-07-07,Northwest,winter,anchor,Prophet,test,22.072727,21.644885,-0.427842,0.427842,0.183049
Northwest_winter_2024-07-14,2024-07-14,Northwest,winter,anchor,Prophet,test,22.409091,22.186361,-0.222730,0.222730,0.049609
Northwest_winter_2024-07-21,2024-07-21,Northwest,winter,anchor,Prophet,test,22.536364,22.407066,-0.129298,0.129298,0.016718
Northwest_winter_2024-07-28,2024-07-28,Northwest,winter,anchor,Prophet,test,22.536364,22.902112,0.365748,0.365748,0.133772
Northwest_winter_2024-08-01,2024-08-01,Northwest,winter,anchor,Prophet,test,22.536364,22.660811,0.124447,0.124447,0.015487
Northwest_winter_2024-08-07,2024-08-07,Northwest,winter,anchor,Prophet,test,22.127273,22.483822,0.356550,0.356550,0.127128
Northwest_winter_2024-08-14,2024-08-14,Northwest,winter,anchor,Prophet,test,20.490909,21.518676,1.027767,1.027767,1.056305
Northwest_winter_2024-08-21,2024-08-21,Northwest,winter,anchor,Prophet,test,20.490909,21.229261,0.738352,0.738352,0.545164
Northwest_winter_2024-08-28,2024-08-28,Northwest,winter,anchor,Prophet,test,19.490909,20.066609,0.575700,0.575700,0.331430
Northwest_winter_2024-09-01,2024-09-01,Northwest,winter,anchor,Prophet,test,19.490909,20.066609,0.575700,0.575700,0.331430
Northwest_winter_2024-09-07,2024-09-07,Northwest,winter,anchor,Prophet,test,17.854545,18.719780,0.865234,0.865234,0.748630
Northwest_winter_2024-09-14,2024-09-14,Northwest,winter,anchor,Prophet,test,17.854545,18.533607,0.679061,0.679061,0.461124
Northwest_winter_2024-09-21,2024-09-21,Northwest,winter,anchor,Prophet,test,14.336364,17.411322,3.074959,3.074959,9.455370
Northwest_winter_2024-09-28,2024-09-28,Northwest,winter,anchor,Prophet,test,12.700000,16.202790,3.502790,3.502790,12.269540
Northwest_winter_2024-10-01,2024-10-01,Northwest,winter,anchor,Prophet,test,12.700000,16.202790,3.502790,3.502790,12.269540
Northwest_winter_2024-10-07,2024-10-07,Northwest,winter,anchor,Prophet,test,12.700000,15.140868,2.440868,2.440868,5.957838
Northwest_winter_2024-10-14,2024-10-14,Northwest,winter,anchor,Prophet,test,12.700000,14.185467,1.485467,1.485467,2.206611
Northwest_winter_2024-10-21,2024-10-21,Northwest,winter,anchor,Prophet,test,12.500000,13.933375,1.433375,1.433375,2.054565
Northwest_winter_2024-10-28,2024-10-28,Northwest,winter,anchor,Prophet,test,8.830000,12.314948,3.484948,3.484948,12.144865
Northwest_winter_2024-11-01,2024-11-01,Northwest,winter,anchor,Prophet,test,8.020000,12.314948,4.294948,4.294948,18.446581
Northwest_winter_2024-11-07,2024-11-07,Northwest,winter,anchor,Prophet,test,8.020000,11.008506,2.988506,2.988506,8.931169
Northwest_winter_2024-11-14,2024-11-14,Northwest,winter,anchor,Prophet,test,8.020000,10.269836,2.249836,2.249836,5.061760
Northwest_winter_2024-11-21,2024-11-21,Northwest,winter,anchor,Prophet,test,7.327273,10.115819,2.788547,2.788547,7.775993
Northwest_winter_2024-11-28,2024-11-28,Northwest,winter,anchor,Prophet,test,7.327273,9.481421,2.154149,2.154149,4.640356
Northwest_winter_2024-12-01,2024-12-01,Northwest,winter,anchor,Prophet,test,7.327273,9.216357,1.889084,1.889084,3.568640
Northwest_winter_2024-12-07,2024-12-07,Northwest,winter,anchor,Prophet,test,6.581818,8.651520,2.069702,2.069702,4.283665
Northwest_winter_2024-12-14,2024-12-14,Northwest,winter,anchor,Prophet,test,6.581818,7.821720,1.239902,1.239902,1.537356
Northwest_winter_2024-12-21,2024-12-21,Northwest,winter,anchor,Prophet,test,6.581818,7.763854,1.182036,1.182036,1.397210
Northwest_winter_2024-12-28,2024-12-28,Northwest,winter,anchor,Prophet,test,6.581818,7.763854,1.182036,1.182036,1.397210
Northwest_winter_2025-01-01,2025-01-01,Northwest,winter,anchor,Prophet,test,6.581818,7.763854,1.182036,1.182036,1.397210
Northwest_winter_2025-01-07,2025-01-07,Northwest,winter,anchor,Prophet,test,7.983333,7.760667,-0.222666,0.222666,0.049580
Northwest_winter_2025-01-14,2025-01-14,Northwest,winter,anchor,Prophet,test,7.125000,7.760667,0.635667,0.635667,0.404073
Northwest_winter_2025-01-21,2025-01-21,Northwest,winter,anchor,Prophet,test,5.600000,7.760667,2.160667,2.160667,4.668482
Northwest_winter_2025-01-28,2025-01-28,Northwest,winter,anchor,Prophet,test,1.184615,7.760667,6.576052,6.576052,43.244456
Northwest_winter_2025-02-01,2025-02-01,Northwest,winter,anchor,Prophet,test,1.184615,7.760667,6.576052,6.576052,43.244456
Northwest_winter_2025-02-07,2025-02-07,Northwest,winter,anchor,Prophet,test,1.184615,9.032667,7.848052,7.848052,61.591919
Northwest_winter_2025-02-14,2025-02-14,Northwest,winter,anchor,Prophet,test,1.184615,9.156566,7.971951,7.971951,63.551995
Northwest_winter_2025-02-21,2025-02-21,Northwest,winter,anchor,Prophet,test,1.184615,9.156566,7.971951,7.971951,63.551995
Northwest_winter_2025-02-28,2025-02-28,Northwest,winter,anchor,Prophet,test,5.746154,9.980836,4.234683,4.234683,17.932537
Northwest_winter_2025-03-01,2025-03-01,Northwest,winter,anchor,Prophet,test,6.623077,9.980836,3.357760,3.357760,11.274549
Northwest_winter_2025-03-07,2025-03-07,Northwest,winter,anchor,Prophet,test,6.623077,9.980836,3.357760,3.357760,11.274549
Northwest_winter_2025-03-14,2025-03-14,Northwest,winter,anchor,Prophet,test,6.623077,9.980836,3.357760,3.357760,11.274549
Northwest_winter_2025-03-21,2025-03-21,Northwest,winter,anchor,Prophet,test,6.623077,10.636313,4.013236,4.013236,16.106064
Northwest_winter_2025-03-28,2025-03-28,Northwest,winter,anchor,Prophet,test,9.723077,10.767371,1.044294,1.044294,1.090549
Northwest_winter_2025-04-01,2025-04-01,Northwest,winter,anchor,Prophet,test,9.723077,11.743628,2.020551,2.020551,4.082627
Northwest_winter_2025-04-07,2025-04-07,Northwest,winter,anchor,Prophet,test,9.723077,12.728827,3.005750,3.005750,9.034534
Northwest_winter_2025-04-14,2025-04-14,Northwest,winter,anchor,Prophet,test,9.723077,12.774506,3.051430,3.051430,9.311222
Northwest_winter_2025-04-21,2025-04-21,Northwest,winter,anchor,Prophet,test,12.584615,13.217637,0.633022,0.633022,0.400717
Northwest_winter_2025-04-28,2025-04-28,Northwest,winter,anchor,Prophet,test,12.584615,14.459735,1.875119,1.875119,3.516072
Northwest_winter_2025-05-01,2025-05-01,Northwest,winter,anchor,Prophet,test,12.584615,14.459735,1.875119,1.875119,3.516072
Northwest_winter_2025-05-07,2025-05-07,Northwest,winter,anchor,Prophet,test,12.584615,15.273566,2.688951,2.688951,7.230458
Northwest_winter_2025-05-14,2025-05-14,Northwest,winter,anchor,Prophet,test,13.515385,16.112392,2.597007,2.597007,6.744447
Northwest_winter_2025-05-21,2025-05-21,Northwest,winter,anchor,Prophet,test,14.407692,16.435715,2.028022,2.028022,4.112875
Northwest_winter_2025-05-28,2025-05-28,Northwest,winter,anchor,Prophet,test,15.884615,17.857689,1.973074,1.973074,3.893020
Northwest_winter_2025-06-01,2025-06-01,Northwest,winter,anchor,Prophet,test,17.169231,17.857689,0.688458,0.688458,0.473975
