season,region,target,model,source_csv,n,mae,rmse,mae_legacy_absofmean,rmse_legacy_absofmean,n_regions
summer,Center,anchor,ConvNeXtTiny-TFT,summer/Center/ConvNeXtTiny-TFT__anchor.csv,238,2.265362,2.837604,,,
summer,Center,anchor,ConvNeXtTiny-LSTM,summer/Center/ConvNeXtTiny-LSTM__anchor.csv,238,2.265208,2.835234,,,
summer,Center,anchor,Prophet,summer/Center/Prophet__anchor.csv,239,4.739414,5.618635,,,
summer,Center,anchor,SARIMAX,summer/Center/SARIMAX__anchor.csv,239,4.744055,5.631415,,,
summer,Center,anchor,Tab-LSTM,summer/Center/Tab-LSTM__anchor.csv,238,2.805358,3.456947,,,
summer,Center,soft,ConvNeXtTiny-TFT,summer/Center/ConvNeXtTiny-TFT__soft.csv,238,1.512069,1.775500,1.338076,1.688161,
summer,Center,soft,ConvNeXtTiny-LSTM,summer/Center/ConvNeXtTiny-LSTM__soft.csv,238,1.376096,1.656745,1.245060,1.581930,
summer,Center,soft,Prophet,summer/Center/Prophet__soft.csv,239,1.924323,2.214763,1.760957,2.075084,
summer,Center,soft,SARIMAX,summer/Center/SARIMAX__soft.csv,239,1.913495,2.212492,1.751801,2.079802,
summer,Center,soft,Tab-LSTM,summer/Center/Tab-LSTM__soft.csv,238,1.544158,1.826374,1.354376,1.736831,
summer,Negev,anchor,ConvNeXtTiny-TFT,summer/Negev/ConvNeXtTiny-TFT__anchor.csv,239,2.135409,2.558147,,,
summer,Negev,anchor,ConvNeXtTiny-LSTM,summer/Negev/ConvNeXtTiny-LSTM__anchor.csv,239,2.351288,2.897828,,,
summer,Negev,anchor,Prophet,summer/Negev/Prophet__anchor.csv,239,4.831833,5.419945,,,
summer,Negev,anchor,SARIMAX,summer/Negev/SARIMAX__anchor.csv,239,4.805205,5.405902,,,
summer,Negev,anchor,Tab-LSTM,summer/Negev/Tab-LSTM__anchor.csv,239,2.822857,3.528301,,,
summer,Negev,soft,ConvNeXtTiny-TFT,summer/Negev/ConvNeXtTiny-TFT__soft.csv,239,1.557030,1.854509,1.412932,1.775050,
summer,Negev,soft,ConvNeXtTiny-LSTM,summer/Negev/ConvNeXtTiny-LSTM__soft.csv,239,1.661714,2.091361,1.516942,2.019509,
summer,Negev,soft,Prophet,summer/Negev/Prophet__soft.csv,239,2.342050,2.646395,2.170096,2.506234,
summer,Negev,soft,SARIMAX,summer/Negev/SARIMAX__soft.csv,239,2.315340,2.629467,2.143653,2.493591,
summer,Negev,soft,Tab-LSTM,summer/Negev/Tab-LSTM__soft.csv,239,1.817152,2.313087,1.711419,2.272069,
summer,Northwest,anchor,ConvNeXtTiny-TFT,summer/Northwest/ConvNeXtTiny-TFT__anchor.csv,239,2.080551,2.648878,,,
summer,Northwest,anchor,ConvNeXtTiny-LSTM,summer/Northwest/ConvNeXtTiny-LSTM__anchor.csv,239,2.400293,2.984024,,,
summer,Northwest,anchor,Prophet,summer/Northwest/Prophet__anchor.csv,239,4.498170,5.451390,,,
summer,Northwest,anchor,SARIMAX,summer/Northwest/SARIMAX__anchor.csv,239,4.514579,5.477503,,,
summer,Northwest,anchor,Tab-LSTM,summer/Northwest/Tab-LSTM__anchor.csv,239,2.665833,3.370727,,,
summer,Northwest,soft,ConvNeXtTiny-TFT,summer/Northwest/ConvNeXtTiny-TFT__soft.csv,239,1.328059,1.691620,1.213915,1.632975,
summer,Northwest,soft,ConvNeXtTiny-LSTM,summer/Northwest/ConvNeXtTiny-LSTM__soft.csv,239,1.430887,1.849558,1.276759,1.750894,
summer,Northwest,soft,Prophet,summer/Northwest/Prophet__soft.csv,239,1.962376,2.344823,1.785716,2.175074,
summer,Northwest,soft,SARIMAX,summer/Northwest/SARIMAX__soft.csv,239,1.967995,2.365667,1.800031,2.207906,
summer,Northwest,soft,Tab-LSTM,summer/Northwest/Tab-LSTM__soft.csv,239,1.355323,1.735591,1.208702,1.669673,
winter,Center,anchor,ConvNeXtTiny-TFT,winter/Center/ConvNeXtTiny-TFT__anchor.csv,239,1.294102,1.676459,,,
winter,Center,anchor,ConvNeXtTiny-LSTM,winter/Center/ConvNeXtTiny-LSTM__anchor.csv,239,1.350142,1.691422,,,
winter,Center,anchor,Prophet,winter/Center/Prophet__anchor.csv,239,1.686729,2.258250,,,
winter,Center,anchor,SARIMAX,winter/Center/SARIMAX__anchor.csv,239,1.766750,2.333097,,,
winter,Center,anchor,Tab-LSTM,winter/Center/Tab-LSTM__anchor.csv,239,1.741374,2.086787,,,
winter,Center,soft,ConvNeXtTiny-TFT,winter/Center/ConvNeXtTiny-TFT__soft.csv,239,1.009595,1.252303,0.957278,1.235974,
winter,Center,soft,ConvNeXtTiny-LSTM,winter/Center/ConvNeXtTiny-LSTM__soft.csv,239,1.009496,1.275030,0.973812,1.266166,
winter,Center,soft,Prophet,winter/Center/Prophet__soft.csv,239,0.969925,1.218259,0.864597,1.170346,
winter,Center,soft,SARIMAX,winter/Center/SARIMAX__soft.csv,239,0.979270,1.242501,0.877547,1.198044,
winter,Center,soft,Tab-LSTM,winter/Center/Tab-LSTM__soft.csv,239,1.051602,1.297368,1.024772,1.290542,
winter,Negev,anchor,ConvNeXtTiny-TFT,winter/Negev/ConvNeXtTiny-TFT__anchor.csv,239,1.392007,1.793226,,,
winter,Negev,anchor,ConvNeXtTiny-LSTM,winter/Negev/ConvNeXtTiny-LSTM__anchor.csv,239,1.500920,1.914994,,,
winter,Negev,anchor,Prophet,winter/Negev/Prophet__anchor.csv,239,2.020512,2.606072,,,
winter,Negev,anchor,SARIMAX,winter/Negev/SARIMAX__anchor.csv,239,2.122894,2.708444,,,
winter,Negev,anchor,Tab-LSTM,winter/Negev/Tab-LSTM__anchor.csv,239,1.876269,2.247329,,,
winter,Negev,soft,ConvNeXtTiny-TFT,winter/Negev/ConvNeXtTiny-TFT__soft.csv,239,1.097242,1.405301,1.038090,1.383967,
winter,Negev,soft,ConvNeXtTiny-LSTM,winter/Negev/ConvNeXtTiny-LSTM__soft.csv,239,1.067020,1.382388,1.016280,1.366022,
winter,Negev,soft,Prophet,winter/Negev/Prophet__soft.csv,239,1.131932,1.455046,1.002958,1.404573,
winter,Negev,soft,SARIMAX,winter/Negev/SARIMAX__soft.csv,239,1.161296,1.488133,1.050555,1.440708,
winter,Negev,soft,Tab-LSTM,winter/Negev/Tab-LSTM__soft.csv,239,1.468244,1.753916,1.433751,1.745933,
winter,Northwest,anchor,ConvNeXtTiny-TFT,winter/Northwest/ConvNeXtTiny-TFT__anchor.csv,239,1.467534,1.947673,,,
winter,Northwest,anchor,ConvNeXtTiny-LSTM,winter/Northwest/ConvNeXtTiny-LSTM__anchor.csv,239,1.660076,2.135477,,,
winter,Northwest,anchor,Prophet,winter/Northwest/Prophet__anchor.csv,239,1.690318,2.313037,,,
winter,Northwest,anchor,SARIMAX,winter/Northwest/SARIMAX__anchor.csv,239,1.744446,2.374038,,,
winter,Northwest,anchor,Tab-LSTM,winter/Northwest/Tab-LSTM__anchor.csv,239,1.756514,2.188187,,,
winter,Northwest,soft,ConvNeXtTiny-TFT,winter/Northwest/ConvNeXtTiny-TFT__soft.csv,239,1.139195,1.433405,1.069150,1.410886,
winter,Northwest,soft,ConvNeXtTiny-LSTM,winter/Northwest/ConvNeXtTiny-LSTM__soft.csv,239,1.022675,1.259222,0.972681,1.242019,
winter,Northwest,soft,Prophet,winter/Northwest/Prophet__soft.csv,239,0.986272,1.267802,0.888930,1.224961,
winter,Northwest,soft,SARIMAX,winter/Northwest/SARIMAX__soft.csv,239,1.003641,1.294650,0.912968,1.255271,
winter,Northwest,soft,Tab-LSTM,winter/Northwest/Tab-LSTM__soft.csv,239,1.201158,1.441781,1.156720,1.429664,
summer,MEAN-3REGIONS,anchor,ConvNeXtTiny-LSTM,,716,2.338930,2.905695,,,3.000000
summer,MEAN-3REGIONS,anchor,ConvNeXtTiny-TFT,,716,2.160441,2.681543,,,3.000000
summer,MEAN-3REGIONS,anchor,Prophet,,717,4.689806,5.496656,,,3.000000
summer,MEAN-3REGIONS,anchor,SARIMAX,,717,4.687946,5.504940,,,3.000000
summer,MEAN-3REGIONS,anchor,Tab-LSTM,,716,2.764683,3.451992,,,3.000000
summer,MEAN-3REGIONS,soft,ConvNeXtTiny-LSTM,,716,1.489565,1.865888,1.346254,1.784111,3.000000
summer,MEAN-3REGIONS,soft,ConvNeXtTiny-TFT,,716,1.465719,1.773876,1.321641,1.698729,3.000000
summer,MEAN-3REGIONS,soft,Prophet,,717,2.076250,2.401994,1.905590,2.252131,3.000000
summer,MEAN-3REGIONS,soft,SARIMAX,,717,2.065610,2.402542,1.898495,2.260433,3.000000
summer,MEAN-3REGIONS,soft,Tab-LSTM,,716,1.572211,1.958351,1.424833,1.892858,3.000000
winter,MEAN-3REGIONS,anchor,ConvNeXtTiny-LSTM,,717,1.503713,1.913964,,,3.000000
winter,MEAN-3REGIONS,anchor,ConvNeXtTiny-TFT,,717,1.384547,1.805786,,,3.000000
winter,MEAN-3REGIONS,anchor,Prophet,,717,1.799186,2.392453,,,3.000000
winter,MEAN-3REGIONS,anchor,SARIMAX,,717,1.878030,2.471860,,,3.000000
winter,MEAN-3REGIONS,anchor,Tab-LSTM,,717,1.791386,2.174101,,,3.000000
winter,MEAN-3REGIONS,soft,ConvNeXtTiny-LSTM,,717,1.033063,1.305547,0.987591,1.291402,3.000000
winter,MEAN-3REGIONS,soft,ConvNeXtTiny-TFT,,717,1.082010,1.363669,1.021506,1.343609,3.000000
winter,MEAN-3REGIONS,soft,Prophet,,717,1.029377,1.313702,0.918828,1.266627,3.000000
winter,MEAN-3REGIONS,soft,SARIMAX,,717,1.048069,1.341761,0.947023,1.298008,3.000000
winter,MEAN-3REGIONS,soft,Tab-LSTM,,717,1.240335,1.497688,1.205081,1.488713,3.000000
