tag,pred_m1_hot,pred_m1_p3,pred_m1_p7,pred_m1_p15,pred_point,true_m1_hot,true_m1_p3,true_m1_p7,true_m1_p15,split
2021-06-14,18.44601058959961,18.55921745300293,18.852392196655273,19.382482528686523,2021-06-13,15.391666666666667,15.850000000000001,16.666666666666668,19.516666666666666,test
2021-06-21,16.98038101196289,17.886184692382812,18.56851577758789,19.365310668945312,2021-06-20,16.666666666666668,18.474999999999998,19.10833333333333,20.599999999999998,test
2021-06-28,19.273269653320312,19.327465057373047,19.52482795715332,19.92074203491211,2021-06-27,18.766666666666666,19.55,20.45,21.041666666666664,test
2021-07-01,19.930063247680664,19.9827823638916,20.089855194091797,20.43399429321289,2021-06-30,18.766666666666666,19.55,20.45,21.099999999999998,test
2021-07-07,19.55564308166504,19.9348087310791,20.28487777709961,20.678287506103516,2021-07-06,18.766666666666666,19.983333333333338,20.35,21.358333333333334,test
2021-07-14,20.971891403198242,20.998367309570312,21.067476272583008,21.196746826171875,2021-07-13,20.075000000000003,20.35,20.708333333333336,21.358333333333334,test
2021-07-21,21.44066047668457,21.44659996032715,21.475908279418945,21.509279251098633,2021-07-20,18.458333333333336,20.325,20.558333333333334,21.35833333333333,test
2021-07-28,21.39545249938965,21.43423843383789,21.51669692993164,21.58245086669922,2021-07-27,18.26666666666667,19.908333333333335,20.341666666666665,21.199999999999996,test
2021-08-01,20.824249267578125,21.092668533325195,21.165088653564453,21.306081771850586,2021-07-31,18.26666666666667,19.908333333333335,20.341666666666665,21.283333333333335,test
2021-08-07,21.276947021484375,21.312210083007812,21.465309143066406,21.525270462036133,2021-08-06,18.26666666666667,19.191666666666666,20.283333333333335,21.116666666666664,test
2021-08-14,20.761474609375,20.961956024169922,21.14858627319336,21.40472412109375,2021-08-13,17.666666666666668,18.35,19.46666666666667,20.333333333333332,test
2021-08-21,19.35819435119629,20.16350555419922,20.256433486938477,20.67321014404297,2021-08-20,17.2,17.666666666666668,18.683333333333334,20.2,test
2021-08-28,19.779142379760742,19.95003890991211,20.336084365844727,20.781816482543945,2021-08-27,14.883333333333333,17.2,17.983333333333334,19.566666666666666,test
2021-09-01,19.505367279052734,19.72205352783203,20.064369201660156,20.46004867553711,2021-08-31,14.883333333333333,17.116666666666667,17.666666666666668,18.93333333333333,test
2021-09-07,18.69539451599121,18.981157302856445,19.418521881103516,20.19652557373047,2021-09-06,14.883333333333333,16.525000000000002,17.116666666666667,18.01666666666667,test
2021-09-14,17.897624969482422,17.991241455078125,18.39316749572754,19.19973373413086,2021-09-13,14.883333333333333,16.158333333333335,16.675,17.975,test
2021-09-21,16.98079490661621,17.223220825195312,17.477758407592773,18.32938003540039,2021-09-20,14.199999999999998,14.883333333333333,16.491666666666667,17.116666666666667,test
2021-09-28,15.981504440307617,16.242401123046875,16.874164581298828,17.481901168823242,2021-09-27,13.641666666666667,13.741666666666667,14.641666666666666,16.525000000000002,test
2021-10-01,15.183823585510254,15.584010124206543,16.015737533569336,16.980785369873047,2021-09-30,13.641666666666667,13.741666666666667,14.641666666666666,16.525000000000002,test
2021-10-07,14.306562423706055,14.508537292480469,14.924455642700195,16.131103515625,2021-10-06,13.641666666666667,13.741666666666667,14.199999999999998,15.916666666666666,test
2021-10-14,13.65827465057373,14.097124099731445,14.60980224609375,15.463459014892578,2021-10-13,11.641666666666666,12.908333333333333,13.799999999999999,14.941666666666665,test
2021-10-21,12.470409393310547,12.801695823669434,13.349322319030762,14.137333869934082,2021-10-20,11.641666666666666,12.908333333333331,13.658333333333333,14.774999999999999,test
2021-10-28,10.674796104431152,11.08901309967041,11.842472076416016,13.109554290771484,2021-10-27,9.9,10.566666666666668,11.641666666666666,14.35,test
2021-11-01,10.73922061920166,11.007169723510742,11.680048942565918,13.227295875549316,2021-10-31,9.9,10.566666666666668,11.500000000000002,13.799999999999999,test
2021-11-07,10.434667587280273,10.583717346191406,11.148931503295898,12.463225364685059,2021-11-06,7.558333333333333,9.066666666666666,10.625,12.216666666666667,test
2021-11-14,9.98645305633545,10.038171768188477,10.485786437988281,11.331770896911621,2021-11-13,7.558333333333333,9.066666666666666,9.975,12.108333333333334,test
2021-11-21,9.072454452514648,9.30971908569336,9.819814682006836,10.56157112121582,2021-11-20,6.183333333333334,6.483333333333333,8.908333333333333,10.566666666666668,test
2021-11-28,7.966569423675537,8.039230346679688,8.581291198730469,9.447160720825195,2021-11-27,5.0249999999999995,6.183333333333334,6.916666666666667,9.083333333333334,test
2021-12-01,8.215746879577637,8.396071434020996,8.84875774383545,9.694784164428711,2021-11-30,5.0249999999999995,6.183333333333334,6.916666666666667,8.575000000000001,test
2021-12-07,7.590117454528809,7.6976799964904785,7.929904460906982,8.489465713500977,2021-12-06,5.0249999999999995,6.175,6.483333333333333,8.108333333333333,test
2021-12-14,7.525984287261963,7.701387405395508,8.09147834777832,8.415092468261719,2021-12-13,4.7,5.258333333333333,6.208333333333332,7.050000000000001,test
2021-12-21,6.916625022888184,6.964916229248047,7.1013712882995605,7.651247501373291,2021-12-20,0.00833333333333334,2.8249999999999997,5.308333333333334,6.9750000000000005,test
2021-12-28,6.70759391784668,6.747183799743652,6.823020935058594,6.954349040985107,2021-12-27,0.00833333333333334,1.9916666666666665,2.85,6.375,test
2022-01-01,6.9802398681640625,7.054663181304932,7.087497711181641,7.139511585235596,2021-12-31,0.00833333333333334,1.9916666666666665,2.85,5.291666666666667,test
2022-01-07,6.564657211303711,6.63264274597168,6.685995101928711,6.759794235229492,2022-01-06,0.00833333333333334,1.9916666666666665,2.85,4.7,test
2022-01-14,6.655763626098633,6.657068252563477,6.77719783782959,6.90125846862793,2022-01-13,0.00833333333333334,1.9916666666666665,2.85,4.508333333333334,test
2022-01-21,4.7805328369140625,5.815993309020996,6.007810592651367,6.22080135345459,2022-01-20,1.925,2.7583333333333333,4.108333333333333,6.183333333333334,test
2022-01-28,5.124037742614746,5.3183088302612305,5.399142265319824,5.606593132019043,2022-01-27,3.2583333333333333,4.216666666666667,5.7749999999999995,6.641666666666666,test
2022-02-01,4.69923210144043,5.235480308532715,5.368847846984863,5.567215919494629,2022-01-31,4.508333333333334,5.7749999999999995,6.233333333333334,6.758333333333334,test
2022-02-07,5.768059730529785,5.812456130981445,5.87819766998291,6.454039573669434,2022-02-06,4.508333333333334,5.7749999999999995,6.283333333333334,7.341666666666668,test
2022-02-14,5.965540885925293,6.070564270019531,6.3433380126953125,7.020773410797119,2022-02-13,1.4666666666666668,3.709090909090909,6.283333333333334,7.466666666666665,test
2022-02-21,6.966436386108398,6.977855682373047,7.074063301086426,7.4890360832214355,2022-02-20,0.8818181818181817,2.127272727272727,4.381818181818182,6.983333333333333,test
2022-02-28,6.4857072830200195,7.099458694458008,7.377147197723389,8.124937057495117,2022-02-27,0.8818181818181817,2.127272727272727,3.709090909090909,5.781818181818181,test
2022-03-01,6.416423797607422,6.9251227378845215,7.313226222991943,8.026067733764648,2022-02-28,0.8818181818181817,2.127272727272727,3.709090909090909,5.781818181818181,test
2022-03-07,8.228723526000977,8.288148880004883,8.552319526672363,9.25614070892334,2022-03-06,0.8818181818181817,2.127272727272727,3.709090909090909,5.781818181818181,test
2022-03-14,3.966552734375,6.694370269775391,8.101831436157227,9.267260551452637,2022-03-13,0.8818181818181817,2.609090909090909,4.2727272727272725,8.172727272727272,test
2022-03-21,6.657994747161865,7.8544840812683105,8.864864349365234,9.908490180969238,2022-03-20,3.627272727272727,4.2727272727272725,5.736363636363635,9.781818181818181,test
2022-03-28,5.774344444274902,7.940104007720947,9.15376091003418,10.214829444885254,2022-03-27,5.736363636363635,7.925,9.127272727272727,11.663636363636364,test
2022-04-01,8.695940017700195,9.169206619262695,9.994573593139648,10.610315322875977,2022-03-31,7.733333333333333,7.941666666666667,10.291666666666666,13.683333333333335,test
2022-04-07,11.603580474853516,11.64734935760498,11.83923053741455,12.71077823638916,2022-04-06,7.733333333333333,7.941666666666667,10.291666666666666,13.325000000000003,test
2022-04-14,8.529294967651367,10.06767463684082,11.211816787719727,12.74653148651123,2022-04-13,7.925,9.008333333333335,11.041666666666666,13.866666666666667,test
2022-04-21,11.509693145751953,12.059494018554688,12.510236740112305,13.567464828491211,2022-04-20,9.008333333333335,10.291666666666666,12.908333333333333,14.024999999999999,test
2022-04-28,13.601531982421875,13.72421646118164,13.975763320922852,14.571948051452637,2022-04-27,10.283333333333333,11.875,13.316666666666668,14.108333333333333,test
2022-05-01,14.505708694458008,14.53936767578125,14.614760398864746,15.53355598449707,2022-04-30,10.283333333333333,11.875,13.316666666666668,14.608333333333334,test
2022-05-07,13.725313186645508,14.048748016357422,14.420085906982422,15.439623832702637,2022-05-06,10.283333333333333,11.875,13.866666666666667,16.025,test
2022-05-14,14.219982147216797,14.762856483459473,15.1888427734375,16.348949432373047,2022-05-13,11.875,13.891666666666667,15.616666666666665,17.89090909090909,test
2022-05-21,15.259696960449219,15.603271484375,16.136619567871094,16.761621475219727,2022-05-20,13.891666666666667,15.616666666666665,17.39090909090909,18.058333333333334,test
2022-05-28,16.808191299438477,16.88485336303711,16.939783096313477,17.698957443237305,2022-05-27,16.136363636363637,17.68181818181818,17.990909090909092,18.383333333333336,test
2022-06-01,17.34524917602539,17.357852935791016,17.59579086303711,18.40777587890625,2022-05-31,16.136363636363637,17.775,18.045454545454547,18.608333333333334,test
2022-06-07,18.32430648803711,18.458648681640625,18.591751098632812,19.08759880065918,2022-06-06,17.775,18.075,18.41666666666666,18.991666666666667,test
2022-06-14,18.98502540588379,19.052589416503906,19.363428115844727,19.76708221435547,2022-06-13,17.775,18.075,18.383333333333336,19.016666666666666,test
2022-06-21,18.88140869140625,19.18307113647461,19.64486312866211,20.168075561523438,2022-06-20,18.075,18.333333333333332,18.741666666666664,19.291666666666668,test
2022-06-28,19.352476119995117,19.616785049438477,19.954927444458008,20.5312442779541,2022-06-27,18.333333333333332,18.408333333333335,18.991666666666667,19.750000000000004,test
2022-07-01,18.956819534301758,19.421707153320312,19.85916519165039,20.484790802001953,2022-06-30,18.333333333333332,18.408333333333335,19.250000000000004,19.966666666666665,test
2022-07-07,19.675329208374023,19.944469451904297,20.222091674804688,20.55179214477539,2022-07-06,18.333333333333332,18.408333333333335,19.299999999999997,20.291666666666668,test
2022-07-14,20.20189666748047,20.318452835083008,20.371990203857422,20.738588333129883,2022-07-13,18.408333333333335,19.250000000000004,20.208333333333336,20.791666666666668,test
2022-07-21,20.754201889038086,20.853118896484375,20.93485450744629,21.077308654785156,2022-07-20,18.408333333333335,19.433333333333334,20.208333333333336,20.833333333333332,test
2022-07-28,19.54346466064453,20.1718807220459,20.37913703918457,20.535938262939453,2022-07-27,18.28333333333333,19.75,20.383333333333333,20.958333333333336,test
2022-08-01,20.580305099487305,20.594093322753906,20.688232421875,20.82720947265625,2022-07-31,18.28333333333333,19.75,20.383333333333333,21.016666666666662,test
2022-08-07,20.669891357421875,20.845359802246094,20.945751190185547,21.094627380371094,2022-08-06,18.28333333333333,19.75,20.383333333333333,21.458333333333332,test
2022-08-14,20.148151397705078,20.36450958251953,20.504186630249023,20.739450454711914,2022-08-13,17.675,19.224999999999998,19.883333333333333,20.966666666666665,test
2022-08-21,19.668981552124023,19.806989669799805,19.940298080444336,20.349878311157227,2022-08-20,17.675,18.28333333333333,19.525,20.575,test
2022-08-28,19.224218368530273,19.415225982666016,19.56380271911621,20.02200698852539,2022-08-27,17.516666666666666,17.775,18.958333333333332,19.724999999999998,test
2022-09-01,19.26996421813965,19.450702667236328,19.925704956054688,20.14557456970215,2022-08-31,17.516666666666666,17.775,18.858333333333334,19.583333333333332,test
2022-09-07,18.456377029418945,18.745906829833984,18.9570255279541,19.622936248779297,2022-09-06,17.516666666666666,17.775,18.633333333333333,19.224999999999998,test
2022-09-14,17.458646774291992,17.635805130004883,18.071531295776367,18.838651657104492,2022-09-13,15.108333333333334,15.941666666666668,17.775,18.866666666666667,test
2022-09-21,16.677295684814453,16.959060668945312,17.3709659576416,18.200275421142578,2022-09-20,15.058333333333335,15.45833333333333,15.941666666666668,18.366666666666667,test
2022-09-28,15.734705924987793,16.13810157775879,16.736948013305664,17.55400848388672,2022-09-27,14.575000000000001,15.108333333333334,15.825000000000001,17.38333333333333,test
2022-10-01,15.703656196594238,15.858386993408203,16.457279205322266,17.452381134033203,2022-09-30,14.575000000000001,15.108333333333334,15.716666666666663,16.908333333333335,test
2022-10-07,14.93700885772705,15.055975914001465,16.024917602539062,16.957866668701172,2022-10-06,12.049999999999999,13.133333333333333,15.058333333333335,15.924999999999999,test
2022-10-14,13.252023696899414,13.501282691955566,14.822415351867676,15.860511779785156,2022-10-13,11.075000000000001,12.049999999999999,13.275,15.233333333333333,test
2022-10-21,12.728219985961914,13.14783000946045,13.377852439880371,14.629770278930664,2022-10-20,10.3,11.075000000000001,12.216666666666667,14.525000000000004,test
2022-10-28,11.167900085449219,11.6525239944458,12.382614135742188,13.697654724121094,2022-10-27,10.3,10.783333333333333,11.816666666666668,13.366666666666669,test
2022-11-01,10.95225715637207,11.247802734375,12.26432991027832,13.422657012939453,2022-10-31,9.25,10.3,11.291666666666666,12.600000000000001,test
2022-11-07,9.746230125427246,10.275728225708008,11.087957382202148,12.5252046585083,2022-11-06,9.25,9.725,10.3,11.816666666666668,test
2022-11-14,9.480623245239258,9.702986717224121,9.999329566955566,11.146514892578125,2022-11-13,8.758333333333333,8.833333333333334,9.658333333333333,10.783333333333333,test
2022-11-21,8.63201904296875,8.73945140838623,9.462453842163086,9.900896072387695,2022-11-20,8.25,8.825,9.374999999999998,10.783333333333333,test
2022-11-28,8.265445709228516,8.447256088256836,8.705801010131836,9.537883758544922,2022-11-27,7.8,8.25,8.825,9.8,test
2022-12-01,7.968369960784912,8.033304214477539,8.140989303588867,8.690488815307617,2022-11-30,6.7749999999999995,6.866666666666666,8.424999999999999,9.716666666666667,test
2022-12-07,7.094403266906738,7.7650604248046875,8.080863952636719,8.756193161010742,2022-12-06,6.7749999999999995,6.866666666666666,8.041666666666668,9.15,test
2022-12-14,6.876707077026367,7.005091667175293,7.361654758453369,8.238710403442383,2022-12-13,6.283333333333334,6.7749999999999995,7.283333333333334,8.25,test
2022-12-21,6.803526878356934,6.912961959838867,7.10727071762085,7.425234794616699,2022-12-20,5.858333333333333,6.2250000000000005,6.791666666666667,7.374999999999999,test
2022-12-28,6.666805267333984,6.76038932800293,6.835207462310791,7.129323959350586,2022-12-27,5.858333333333333,6.2250000000000005,6.4750000000000005,7.325,test
2023-01-01,6.055466651916504,6.18416690826416,6.424019813537598,6.949385643005371,2022-12-31,5.858333333333333,6.2250000000000005,6.4750000000000005,7.5249999999999995,test
2023-01-07,6.161749839782715,6.248641014099121,6.443275451660156,6.986706256866455,2023-01-06,5.7250000000000005,6.050000000000001,6.425000000000001,7.325,test
2023-01-14,5.621270179748535,5.839862823486328,6.079489707946777,6.462467193603516,2023-01-13,3.7500000000000004,4.441666666666666,5.858333333333333,6.833333333333333,test
2023-01-21,4.703665733337402,4.921444892883301,5.491585731506348,6.430887222290039,2023-01-20,3.6333333333333333,3.7500000000000004,4.666666666666667,6.425000000000001,test
2023-01-28,4.823982238769531,4.986162185668945,5.481788635253906,5.909585952758789,2023-01-27,3.6333333333333333,3.7500000000000004,4.666666666666667,6.3500000000000005,test
2023-02-01,5.656441688537598,5.924836158752441,6.131242752075195,6.4283342361450195,2023-01-31,3.6333333333333333,3.7500000000000004,4.666666666666667,6.3500000000000005,test
2023-02-07,5.88442325592041,6.014337539672852,6.067204475402832,6.808043956756592,2023-02-06,3.6333333333333333,3.7500000000000004,4.666666666666667,6.633333333333333,test
2023-02-14,4.165337562561035,4.422933578491211,6.074714660644531,6.527514457702637,2023-02-13,3.6333333333333333,4.666666666666667,6.058333333333334,8.083333333333332,test
2023-02-21,6.0023088455200195,6.075291633605957,6.329679489135742,6.7958879470825195,2023-02-20,6.058333333333334,6.633333333333333,7.216666666666668,9.825,test
2023-02-28,6.001684188842773,6.454645156860352,6.879396438598633,7.482321262359619,2023-02-27,7.066666666666666,7.558333333333333,9.524999999999999,10.075000000000001,test
2023-03-01,6.493731498718262,6.708932876586914,6.808694839477539,8.114518165588379,2023-02-28,7.066666666666666,7.558333333333333,9.524999999999999,10.066666666666666,test
2023-03-07,6.684876441955566,7.062281131744385,7.357641220092773,8.700607299804688,2023-03-06,6.191666666666666,7.066666666666666,8.083333333333332,10.0,test
2023-03-14,8.118245124816895,8.531171798706055,9.431827545166016,9.625370979309082,2023-03-13,6.191666666666666,7.558333333333333,9.424999999999999,10.141666666666667,test
2023-03-21,9.233198165893555,9.512739181518555,9.93828010559082,10.513854026794434,2023-03-20,6.191666666666666,7.566666666666666,9.424999999999999,11.241666666666667,test
2023-03-28,9.373351097106934,9.858707427978516,10.86410903930664,11.56616497039795,2023-03-27,6.191666666666666,7.566666666666666,9.700000000000001,11.1,test
2023-04-01,7.917396068572998,10.54665756225586,10.99912166595459,11.978970527648926,2023-03-31,6.6499999999999995,8.233333333333333,9.716666666666667,11.583333333333334,test
2023-04-07,9.901223182678223,10.642624855041504,11.286420822143555,13.169024467468262,2023-04-06,8.233333333333333,9.383333333333335,10.15,12.441666666666668,test
2023-04-14,10.890717506408691,12.542049407958984,13.642129898071289,13.776634216308594,2023-04-13,8.75,9.716666666666667,10.35,13.133333333333333,test
2023-04-21,13.353288650512695,13.885786056518555,14.224153518676758,15.257119178771973,2023-04-20,8.75,9.799999999999999,11.083333333333334,13.166666666666666,test
2023-04-28,12.181760787963867,13.541656494140625,14.84587574005127,15.144471168518066,2023-04-27,8.75,11.083333333333334,12.958333333333334,14.675000000000002,test
2023-05-01,13.143888473510742,14.463784217834473,14.8137845993042,15.520127296447754,2023-04-30,8.75,12.633333333333333,13.166666666666666,15.066666666666665,test
2023-05-07,14.496114730834961,14.61129379272461,15.084936141967773,15.951689720153809,2023-05-06,12.766666666666667,13.133333333333333,13.481818181818182,16.7,test
2023-05-14,15.495073318481445,15.600812911987305,15.969526290893555,17.243675231933594,2023-05-13,12.958333333333334,13.200000000000001,14.983333333333333,17.358333333333334,test
2023-05-21,15.449487686157227,15.876198768615723,16.780502319335938,17.5156192779541,2023-05-20,13.481818181818182,14.950000000000001,15.825000000000001,17.683333333333334,test
2023-05-28,17.19740867614746,17.357179641723633,17.57599449157715,18.02492904663086,2023-05-27,14.950000000000001,15.758333333333333,17.116666666666667,18.058333333333334,test
2023-06-01,17.539817810058594,17.624950408935547,17.722042083740234,18.459440231323242,2023-05-31,14.950000000000001,15.758333333333335,17.116666666666667,18.266666666666662,test
2023-06-07,16.628976821899414,17.723482131958008,18.1439208984375,18.912643432617188,2023-06-06,15.758333333333335,16.583333333333332,17.408333333333335,18.466666666666665,test
2023-06-14,18.57788848876953,18.906225204467773,19.260923385620117,19.728803634643555,2023-06-13,15.758333333333335,16.933333333333334,18.091666666666665,18.85,test
2023-06-21,18.637746810913086,19.393775939941406,19.522045135498047,20.154478073120117,2023-06-20,16.583333333333332,18.091666666666665,18.466666666666665,20.175,test
2023-06-28,18.278846740722656,19.392778396606445,19.666873931884766,20.156970977783203,2023-06-27,17.65,18.525,19.491666666666667,21.2,test
2023-07-01,19.088001251220703,19.49795150756836,20.006826400756836,20.28900718688965,2023-06-30,17.65,19.466666666666665,20.341666666666665,21.35833333333333,test
2023-07-07,20.081947326660156,20.157529830932617,20.38680648803711,20.628250122070312,2023-07-06,19.466666666666665,20.175,20.98333333333333,21.475000000000005,test
2023-07-14,20.786712646484375,20.813457489013672,21.039764404296875,21.31198501586914,2023-07-13,19.466666666666665,20.008333333333333,20.716666666666665,21.424999999999997,test
2023-07-21,21.317419052124023,21.332622528076172,21.418701171875,21.643857955932617,2023-07-20,19.466666666666665,20.008333333333333,21.01666666666667,21.75833333333333,test
2023-07-28,21.617155075073242,21.709505081176758,21.749229431152344,21.80349349975586,2023-07-27,19.541666666666668,20.216666666666665,20.71666666666667,21.46666666666667,test
2023-08-01,21.36688232421875,21.47581672668457,21.557083129882812,21.63053321838379,2023-07-31,19.425,19.74166666666667,20.691666666666666,21.416666666666668,test
2023-08-07,20.681564331054688,20.72768783569336,21.025224685668945,21.190589904785156,2023-08-06,19.425,19.775,20.691666666666666,21.15,test
2023-08-14,20.41921615600586,20.656879425048828,20.7940731048584,21.513174057006836,2023-08-13,19.425,19.74166666666667,20.233333333333334,21.275000000000002,test
2023-08-21,20.324018478393555,20.697166442871094,20.878339767456055,21.584936141967773,2023-08-20,17.333333333333332,18.066666666666666,19.425,20.700000000000003,test
2023-08-28,19.197744369506836,19.31142807006836,19.874540328979492,20.5208683013916,2023-08-27,17.333333333333332,18.033333333333335,18.641666666666666,19.775,test
2023-09-01,18.786033630371094,18.85030746459961,19.142852783203125,19.998153686523438,2023-08-31,17.333333333333332,18.033333333333335,18.233333333333334,19.708333333333332,test
2023-09-07,18.578556060791016,18.927759170532227,19.251995086669922,20.07779312133789,2023-09-06,17.333333333333332,18.033333333333335,18.233333333333334,19.45,test
2023-09-14,17.590669631958008,17.825973510742188,19.011981964111328,19.637922286987305,2023-09-13,15.85,16.05,18.033333333333335,18.866666666666667,test
2023-09-21,16.97748374938965,17.0697021484375,17.420061111450195,18.70343780517578,2023-09-20,15.29166666666667,15.391666666666667,16.14166666666667,18.233333333333334,test
2023-09-28,16.032821655273438,16.661937713623047,17.365421295166016,17.72062873840332,2023-09-27,15.29166666666667,15.391666666666667,16.05,18.233333333333334,test
2023-10-01,16.077796936035156,16.147403717041016,16.91370964050293,17.447608947753906,2023-09-30,15.29166666666667,15.391666666666667,16.05,18.26666666666667,test
2023-10-07,14.905505180358887,15.187690734863281,16.26117515563965,17.3095703125,2023-10-06,15.29166666666667,15.391666666666667,16.05,17.37272727272727,test
2023-10-14,14.195672035217285,14.235379219055176,14.559711456298828,15.69598388671875,2023-10-13,14.309090909090907,14.545454545454545,15.316666666666668,16.924999999999997,test
2023-10-21,12.319380760192871,12.991769790649414,13.7630033493042,14.119547843933105,2023-10-20,12.563636363636364,13.072727272727274,14.545454545454545,16.972727272727273,test
2023-10-28,12.234594345092773,12.365243911743164,13.113996505737305,13.986807823181152,2023-10-27,11.58181818181818,11.927272727272726,13.072727272727274,14.790909090909093,test
2023-11-01,11.553826332092285,12.346506118774414,12.624917984008789,14.00421142578125,2023-10-31,9.036363636363637,10.827272727272726,12.327272727272726,14.309090909090907,test
2023-11-07,11.088645935058594,11.492351531982422,12.146273612976074,13.202617645263672,2023-11-06,9.036363636363637,10.445454545454545,11.709090909090907,13.254545454545452,test
2023-11-14,9.650854110717773,9.79701042175293,11.226603507995605,12.854473114013672,2023-11-13,9.036363636363637,9.636363636363637,10.454545454545455,11.92,test
2023-11-21,9.677730560302734,9.822006225585938,10.025703430175781,10.806516647338867,2023-11-20,8.627272727272727,9.336363636363636,10.01818181818182,10.827272727272726,test
2023-11-28,8.308558464050293,8.976131439208984,9.316926956176758,10.46842098236084,2023-11-27,8.627272727272727,9.036363636363637,9.945454545454545,10.633333333333335,test
2023-12-01,7.761313438415527,7.961050987243652,9.136039733886719,9.716796875,2023-11-30,8.627272727272727,9.336363636363636,9.945454545454545,10.633333333333335,test
2023-12-07,7.906379222869873,8.119470596313477,8.282516479492188,9.553821563720703,2023-12-06,7.425000000000001,8.627272727272727,9.174999999999999,10.15,test
2023-12-14,7.7477850914001465,7.900790691375732,8.206542015075684,8.573793411254883,2023-12-13,6.325,8.325000000000001,8.725,9.8,test
2023-12-21,7.0461344718933105,7.166828155517578,7.622559547424316,8.114684104919434,2023-12-20,5.519999999999999,5.779999999999999,7.01,9.129999999999999,test
2023-12-28,6.667147636413574,6.873917579650879,7.212558269500732,8.185012817382812,2023-12-27,5.519999999999999,5.76,6.4399999999999995,8.725,test
2024-01-01,6.890580177307129,7.129571437835693,7.505428791046143,8.18185806274414,2023-12-31,5.519999999999999,5.76,6.325,8.325000000000001,test
2024-01-07,6.3780927658081055,6.751400947570801,6.955178737640381,7.600194454193115,2024-01-06,3.072727272727273,4.1,5.7299999999999995,7.01,test
2024-01-14,6.130152702331543,6.137626647949219,6.4434003829956055,7.010196685791016,2024-01-13,3.072727272727273,4.1,5.7299999999999995,6.6,test
2024-01-21,6.282527923583984,6.366727828979492,6.495918273925781,6.9828948974609375,2024-01-20,3.072727272727273,4.1,5.854545454545455,7.618181818181818,test
2024-01-28,6.149761199951172,6.285775184631348,6.47960090637207,7.009660720825195,2024-01-27,3.072727272727273,4.1,5.863636363636363,7.5636363636363635,test
2024-02-01,4.676145553588867,5.627564430236816,6.1070098876953125,6.782106399536133,2024-01-31,3.072727272727273,5.0,6.036363636363637,7.845454545454547,test
2024-02-07,6.648627281188965,6.741742134094238,7.27947473526001,7.456141948699951,2024-02-06,5.863636363636363,6.527272727272727,7.558333333333333,8.409090909090908,test
2024-02-14,7.215545654296875,7.452939033508301,7.592864990234375,8.03689956665039,2024-02-13,6.036363636363637,6.527272727272727,7.554545454545456,8.554545454545455,test
2024-02-21,7.0781474113464355,7.240950107574463,7.466134071350098,8.674064636230469,2024-02-20,6.036363636363637,6.527272727272727,7.558333333333333,8.808333333333334,test
2024-02-28,7.822726726531982,8.061149597167969,8.535484313964844,8.984917640686035,2024-02-27,6.45,6.716666666666668,7.558333333333333,9.033333333333331,test
2024-03-01,8.782052040100098,8.877689361572266,9.144830703735352,9.366582870483398,2024-02-29,6.45,6.716666666666668,7.558333333333333,9.266666666666667,test
2024-03-07,8.931133270263672,9.265226364135742,9.375150680541992,9.89509391784668,2024-03-06,6.45,6.716666666666668,7.800000000000001,10.125,test
2024-03-14,9.10706615447998,9.362916946411133,9.658300399780273,9.956096649169922,2024-03-13,6.508333333333333,7.800000000000001,9.033333333333331,12.050000000000002,test
2024-03-21,9.32284164428711,9.386272430419922,9.551807403564453,10.504608154296875,2024-03-20,6.508333333333333,8.341666666666667,10.875,13.083333333333334,test
2024-03-28,10.153959274291992,10.391843795776367,10.619268417358398,11.882424354553223,2024-03-27,10.116666666666667,10.875,12.283333333333333,13.658333333333333,test
2024-04-01,11.56440258026123,11.62477970123291,12.424140930175781,12.583608627319336,2024-03-31,10.116666666666667,10.875,12.283333333333333,13.658333333333333,test
2024-04-07,12.546283721923828,12.594032287597656,12.892359733581543,13.13066577911377,2024-04-06,10.116666666666667,10.875,12.283333333333333,14.250000000000002,test
2024-04-14,12.315455436706543,12.537108421325684,13.065749168395996,14.316652297973633,2024-04-13,10.266666666666666,12.125,13.658333333333333,15.358333333333333,test
2024-04-21,13.124523162841797,13.984908103942871,14.437127113342285,14.981318473815918,2024-04-20,10.266666666666666,12.416666666666666,13.950000000000001,15.433333333333332,test
2024-04-28,15.042044639587402,15.170432090759277,15.595575332641602,16.197643280029297,2024-04-27,10.383333333333333,13.108333333333333,14.116666666666665,15.499999999999998,test
2024-05-01,15.489195823669434,15.545991897583008,15.867820739746094,16.789169311523438,2024-04-30,10.383333333333333,13.108333333333333,14.116666666666665,15.433333333333332,test
2024-05-07,15.000837326049805,15.644588470458984,16.376312255859375,17.60806655883789,2024-05-06,10.383333333333333,13.108333333333333,13.950000000000001,16.458333333333332,test
2024-05-14,16.170717239379883,16.613388061523438,17.05797576904297,17.6745662689209,2024-05-13,13.108333333333333,13.4,15.316666666666668,18.566666666666666,test
2024-05-21,17.257036209106445,17.329280853271484,17.938404083251953,18.266708374023438,2024-05-20,13.774999999999999,15.316666666666668,16.84166666666667,19.254545454545454,test
2024-05-28,18.207439422607422,18.262474060058594,18.371740341186523,18.87955093383789,2024-05-27,13.774999999999999,15.633333333333331,18.781818181818185,20.13636363636364,test
2024-06-01,15.909370422363281,17.30965232849121,18.041271209716797,18.963119506835938,2024-05-31,16.2,18.781818181818185,19.254545454545454,20.636363636363637,test
2024-06-07,18.5357723236084,18.604433059692383,19.120309829711914,19.411012649536133,2024-06-06,18.781818181818185,18.927272727272726,20.036363636363635,20.772727272727273,test
2024-06-14,19.73760986328125,19.86152458190918,19.98314094543457,20.3328914642334,2024-06-13,18.8,19.472727272727273,20.236363636363635,21.063636363636366,test
2024-06-21,20.338951110839844,20.4134521484375,20.59573745727539,20.9635009765625,2024-06-20,19.472727272727273,20.10909090909091,20.69090909090909,21.283333333333335,test
2024-06-28,20.808576583862305,20.91356658935547,21.082481384277344,21.829906463623047,2024-06-27,19.472727272727273,20.69090909090909,21.09090909090909,21.763636363636365,test
2024-07-01,21.16228485107422,21.196086883544922,21.521881103515625,21.855371475219727,2024-06-30,19.472727272727273,20.69090909090909,21.16666666666666,21.808333333333334,test
2024-07-07,21.193788528442383,21.53670883178711,21.85036849975586,22.197872161865234,2024-07-06,20.10909090909091,21.063636363636366,21.254545454545454,21.991666666666664,test
2024-07-14,22.238750457763672,22.25244903564453,22.338726043701172,22.493173599243164,2024-07-13,18.990909090909096,20.8,21.16666666666666,21.71818181818182,test
2024-07-21,22.018522262573242,22.120668411254883,22.23349380493164,22.357677459716797,2024-07-20,18.990909090909096,20.790909090909093,20.963636363636365,21.472727272727273,test
2024-07-28,21.751928329467773,21.821123123168945,21.898725509643555,22.514949798583984,2024-07-27,18.97272727272727,19.490909090909092,20.854545454545455,21.254545454545454,test
2024-08-01,21.789762496948242,21.810550689697266,21.867637634277344,22.20861053466797,2024-07-31,18.97272727272727,19.490909090909092,20.827272727272728,21.245454545454542,test
2024-08-07,20.837404251098633,21.380151748657227,21.534814834594727,21.693340301513672,2024-08-06,18.97272727272727,19.21818181818182,20.490909090909092,21.1,test
2024-08-14,20.537097930908203,21.070518493652344,21.221675872802734,21.332229614257812,2024-08-13,18.97272727272727,19.354545454545452,19.772727272727273,20.90909090909091,test
2024-08-21,19.78860855102539,20.232423782348633,20.590225219726562,20.958694458007812,2024-08-20,17.575,18.458333333333332,19.59090909090909,20.854545454545455,test
2024-08-28,19.858245849609375,19.87394142150879,19.974668502807617,20.6344051361084,2024-08-27,17.4,17.666666666666668,19.354545454545452,20.483333333333334,test
2024-09-01,19.480274200439453,19.52044677734375,19.5988712310791,20.2539005279541,2024-08-31,17.4,17.666666666666668,18.675,19.772727272727273,test
2024-09-07,18.57120132446289,18.802515029907227,18.964256286621094,19.483078002929688,2024-09-06,15.475000000000001,16.874999999999996,17.825000000000003,19.7,test
2024-09-14,18.09001922607422,18.349069595336914,18.803773880004883,19.23702621459961,2024-09-13,15.475000000000001,16.65833333333333,17.191666666666666,18.458333333333332,test
2024-09-21,17.37928581237793,17.500526428222656,17.894107818603516,18.95916748046875,2024-09-20,12.733333333333334,15.475000000000001,16.725,17.666666666666668,test
2024-09-28,16.240724563598633,16.336713790893555,17.119094848632812,18.177753448486328,2024-09-27,11.850000000000001,12.733333333333334,13.950000000000001,16.833333333333332,test
2024-10-01,15.967350006103516,16.06096649169922,16.246740341186523,17.377426147460938,2024-09-30,11.850000000000001,12.733333333333334,13.575000000000001,16.65833333333333,test
2024-10-07,15.348398208618164,15.753572463989258,16.162837982177734,16.801984786987305,2024-10-06,11.850000000000001,12.141666666666666,13.383333333333333,13.950000000000001,test
2024-10-14,13.736343383789062,13.921991348266602,14.704741477966309,15.869543075561523,2024-10-13,11.666666666666666,12.025,12.733333333333334,13.575000000000001,test
2024-10-21,12.48281478881836,13.262645721435547,13.800125122070312,14.69977855682373,2024-10-20,10.499999999999998,11.641666666666666,12.025,13.1,test
2024-10-28,11.662310600280762,11.921335220336914,12.066522598266602,13.246179580688477,2024-10-27,8.0,10.475,11.616666666666667,12.25,test
2024-11-01,11.038768768310547,11.541657447814941,11.830897331237793,12.06977653503418,2024-10-31,4.966666666666667,8.691666666666666,10.499999999999998,12.008333333333333,test
2024-11-07,10.341426849365234,10.585577011108398,11.00901985168457,11.801043510437012,2024-11-06,4.966666666666667,6.608333333333334,8.108333333333333,11.100000000000001,test
2024-11-14,9.578601837158203,9.73863697052002,10.395647048950195,11.298225402832031,2024-11-13,4.966666666666667,6.608333333333334,8.108333333333333,10.4,test
2024-11-21,9.30941390991211,9.3318452835083,9.434807777404785,10.955266952514648,2024-11-20,4.966666666666667,6.258333333333333,6.891666666666667,8.691666666666666,test
2024-11-28,7.298695087432861,7.96806001663208,8.492208480834961,8.664609909057617,2024-11-27,5.683333333333334,6.258333333333333,6.891666666666667,7.808333333333334,test
2024-12-01,7.8482747077941895,7.970768928527832,8.148809432983398,8.6908597946167,2024-11-30,5.683333333333334,6.241666666666667,6.608333333333334,7.4750000000000005,test
2024-12-07,7.170430660247803,7.29911994934082,7.588400363922119,8.139604568481445,2024-12-06,4.800000000000001,5.683333333333334,6.258333333333333,7.358333333333333,test
2024-12-14,7.417908191680908,7.555644989013672,7.657991409301758,8.073543548583984,2024-12-13,4.800000000000001,5.683333333333334,6.258333333333333,7.2250000000000005,test
2024-12-21,6.989240646362305,7.095930099487305,7.195737838745117,7.291062831878662,2024-12-20,4.800000000000001,5.683333333333334,6.275000000000001,7.516666666666667,test
2024-12-28,6.181954383850098,6.318866729736328,6.35169792175293,6.533968925476074,2024-12-27,4.800000000000001,6.075,6.483333333333334,8.066666666666668,test
2025-01-01,6.384839057922363,6.408315658569336,6.48213005065918,6.663388252258301,2024-12-31,4.800000000000001,6.075,6.616666666666666,8.066666666666668,test
2025-01-07,6.428776741027832,6.450990676879883,6.49199104309082,6.5796918869018555,2025-01-06,5.983333333333334,6.275000000000001,6.666666666666667,7.825,test
2025-01-14,6.922533988952637,6.964902877807617,7.006940841674805,7.066361427307129,2025-01-13,3.733333333333333,5.283333333333334,6.3500000000000005,7.083333333333332,test
2025-01-21,6.762368202209473,6.831236839294434,6.863175392150879,6.9591875076293945,2025-01-20,3.733333333333333,5.075,6.141666666666667,7.083333333333332,test
2025-01-28,6.853172302246094,6.882763862609863,6.945090293884277,7.017431259155273,2025-01-27,0.3666666666666667,2.5833333333333335,5.2,6.666666666666667,test
2025-02-01,7.196926116943359,7.231841087341309,7.426943302154541,7.51706600189209,2025-01-31,0.3666666666666667,2.5833333333333335,4.616666666666666,6.141666666666667,test
2025-02-07,7.0264482498168945,7.677615165710449,7.720135688781738,7.956601619720459,2025-02-06,0.3666666666666667,2.5833333333333335,4.616666666666666,6.3500000000000005,test
2025-02-14,6.501900672912598,7.074455261230469,7.218220233917236,7.968618869781494,2025-02-13,0.3666666666666667,2.5833333333333335,5.2,7.716666666666666,test
2025-02-21,7.995717525482178,8.070133209228516,8.560564041137695,9.002838134765625,2025-02-20,0.3666666666666667,2.5833333333333335,5.7250000000000005,8.541666666666666,test
2025-02-28,5.4086761474609375,6.904512882232666,7.873423099517822,8.725027084350586,2025-02-27,4.3999999999999995,5.749999999999999,7.691666666666666,9.991666666666667,test
2025-03-01,5.576818466186523,6.976316452026367,8.05215835571289,9.049116134643555,2025-02-28,5.7250000000000005,6.375,7.824999999999998,10.283333333333333,test
2025-03-07,8.967824935913086,8.989922523498535,9.383633613586426,9.686308860778809,2025-03-06,5.749999999999999,6.958333333333333,9.633333333333333,10.741666666666667,test
2025-03-14,10.39970588684082,10.4261474609375,10.543939590454102,11.366850852966309,2025-03-13,5.749999999999999,6.958333333333333,9.633333333333333,12.358333333333334,test
2025-03-21,10.075453758239746,10.355025291442871,10.829450607299805,11.956840515136719,2025-03-20,5.749999999999999,6.958333333333333,9.025,10.741666666666667,test
2025-03-28,11.847797393798828,11.971378326416016,12.369711875915527,12.886301040649414,2025-03-27,7.941666666666666,9.025,10.283333333333333,12.216666666666667,test
2025-04-01,10.964046478271484,11.289825439453125,12.058751106262207,12.83473014831543,2025-03-31,7.941666666666666,9.025,10.5,12.216666666666667,test
2025-04-07,12.380041122436523,12.481285095214844,12.678010940551758,13.439454078674316,2025-04-06,7.941666666666666,9.025,11.008333333333333,12.799999999999999,test
2025-04-14,9.724893569946289,11.655881881713867,13.15295124053955,13.992339134216309,2025-04-13,8.408333333333333,10.125000000000002,11.745454545454548,13.733333333333334,test
2025-04-21,12.326526641845703,12.865303039550781,13.55667495727539,14.644420623779297,2025-04-20,11.008333333333333,11.745454545454548,12.816666666666668,14.366666666666667,test
2025-04-28,12.539166450500488,14.054315567016602,15.02698802947998,15.852683067321777,2025-04-27,11.658333333333333,12.799999999999999,13.199999999999998,14.6,test
2025-05-01,15.105386734008789,15.236394882202148,15.447936058044434,16.50721549987793,2025-04-30,12.108333333333334,12.858333333333333,13.850000000000001,14.933333333333332,test
2025-05-07,13.308213233947754,14.832268714904785,15.858131408691406,16.947656631469727,2025-05-06,12.816666666666668,13.424999999999999,14.483333333333334,16.125,test
2025-05-14,15.098231315612793,16.222673416137695,16.826923370361328,17.98567771911621,2025-05-13,12.816666666666668,14.258333333333331,15.358333333333333,16.500000000000004,test
2025-05-21,15.808098793029785,17.10342025756836,17.935056686401367,18.485149383544922,2025-05-20,13.424999999999999,14.866666666666665,15.708333333333336,16.845454545454547,test
2025-05-28,18.098350524902344,18.120210647583008,18.36306381225586,19.174402236938477,2025-05-27,14.866666666666665,15.625,16.500000000000004,18.025000000000002,test
2025-06-01,17.404937744140625,18.048343658447266,18.970396041870117,19.50372886657715,2025-05-31,15.625,16.400000000000002,16.991666666666667,18.34166666666667,test
